type,x1,y1,x2,y2,color,width
line,40.0,40.0,40.0,3460.0,"(0.0, 0.0, 0.0)",3.0
line,40.0,3460.0,5380.0,3460.0,"(0.0, 0.0, 0.0)",3.0
line,5380.0,3460.0,5380.0,40.0,"(0.0, 0.0, 0.0)",3.0
line,5380.0,40.0,40.0,40.0,"(0.0, 0.0, 0.0)",3.0
line,5430.0,3510.0,5440.0,3510.0,"(0.0, 0.0, 0.0)",3.0
line,2340.0,3080.0,2340.0,3460.0,"(0.0, 0.0, 0.0)",3.0
line,2340.0,3080.0,5380.0,3080.0,"(0.0, 0.0, 0.0)",3.0
line,3650.0,3460.0,3650.0,3080.0,"(0.0, 0.0, 0.0)",3.0
line,3650.0,3240.0,5380.0,3240.0,"(0.0, 0.0, 0.0)",3.0
line,3650.0,3390.0,5380.0,3390.0,"(0.0, 0.0, 0.0)",3.0
line,3650.0,3160.0,5380.0,3160.0,"(0.0, 0.0, 0.0)",3.0
line,3650.0,3320.0,4520.0,3320.0,"(0.0, 0.0, 0.0)",3.0
line,4520.0,3290.0,5380.0,3290.0,"(0.0, 0.0, 0.0)",3.0
line,4520.0,3240.0,5380.0,3240.0,"(0.0, 0.0, 0.0)",3.0
line,4520.0,3240.0,4520.0,3460.0,"(0.0, 0.0, 0.0)",3.0
line,4810.0,3240.0,4810.0,3390.0,"(0.0, 0.0, 0.0)",3.0
line,4990.0,3240.0,4990.0,3390.0,"(0.0, 0.0, 0.0)",3.0
line,5150.0,3080.0,5150.0,3390.0,"(0.0, 0.0, 0.0)",3.0
line,800.0,2240.0,820.0,2240.0,"(0.0, 0.0, 0.0)",3.0
line,820.0,2240.0,809.0,2236.0,"(0.0, 0.0, 0.0)",3.0
line,809.0,2236.0,809.0,2244.0,"(0.0, 0.0, 0.0)",3.0
line,809.0,2244.0,820.0,2240.0,"(0.0, 0.0, 0.0)",3.0
line,860.0,2240.0,880.0,2240.0,"(0.0, 0.0, 0.0)",3.0
line,880.0,2240.0,1060.0,2240.0,"(0.0, 0.0, 0.0)",3.0
line,3180.0,2240.0,3200.0,2240.0,"(0.0, 0.0, 0.0)",3.0
line,3200.0,2240.0,3189.0,2236.0,"(0.0, 0.0, 0.0)",3.0
line,3189.0,2236.0,3189.0,2244.0,"(0.0, 0.0, 0.0)",3.0
line,3189.0,2244.0,3200.0,2240.0,"(0.0, 0.0, 0.0)",3.0
line,3240.0,2240.0,3260.0,2240.0,"(0.0, 0.0, 0.0)",3.0
line,3260.0,2240.0,3440.0,2240.0,"(0.0, 0.0, 0.0)",3.0
line,4700.0,2240.0,4720.0,2240.0,"(0.0, 0.0, 0.0)",3.0
line,4720.0,2240.0,4709.0,2236.0,"(0.0, 0.0, 0.0)",3.0
line,4709.0,2236.0,4709.0,2244.0,"(0.0, 0.0, 0.0)",3.0
line,4709.0,2244.0,4720.0,2240.0,"(0.0, 0.0, 0.0)",3.0
line,4760.0,2240.0,4780.0,2240.0,"(0.0, 0.0, 0.0)",3.0
line,4780.0,2240.0,4880.0,2240.0,"(0.0, 0.0, 0.0)",3.0
line,1760.0,2200.0,1780.0,2200.0,"(0.0, 0.0, 0.0)",3.0
line,1780.0,2200.0,1769.0,2196.0,"(0.0, 0.0, 0.0)",3.0
line,1769.0,2196.0,1769.0,2204.0,"(0.0, 0.0, 0.0)",3.0
line,1769.0,2204.0,1780.0,2200.0,"(0.0, 0.0, 0.0)",3.0
line,1820.0,2200.0,1840.0,2200.0,"(0.0, 0.0, 0.0)",3.0
line,1840.0,2200.0,2060.0,2200.0,"(0.0, 0.0, 0.0)",3.0
line,2060.0,2200.0,2060.0,2240.0,"(0.0, 0.0, 0.0)",3.0
line,2060.0,2240.0,2120.0,2240.0,"(0.0, 0.0, 0.0)",3.0
line,2600.0,700.0,2620.0,700.0,"(0.0, 0.0, 0.0)",3.0
line,2620.0,700.0,2880.0,700.0,"(0.0, 0.0, 0.0)",3.0
line,2880.0,700.0,2880.0,660.0,"(0.0, 0.0, 0.0)",3.0
line,2880.0,660.0,2920.0,660.0,"(0.0, 0.0, 0.0)",3.0
line,2490.0,700.0,2520.0,700.0,"(0.0, 0.0, 0.0)",3.0
line,2600.0,2640.0,2620.0,2640.0,"(0.0, 0.0, 0.0)",3.0
line,2620.0,2640.0,3200.0,2640.0,"(0.0, 0.0, 0.0)",3.0
line,3200.0,2640.0,3280.0,2720.0,"(0.0, 0.0, 0.0)",3.0
line,2490.0,2640.0,2520.0,2640.0,"(0.0, 0.0, 0.0)",3.0
line,4660.0,360.0,4660.0,380.0,"(0.0, 0.0, 0.0)",3.0
line,4660.0,380.0,4660.0,540.0,"(0.0, 0.0, 0.0)",3.0
line,4660.0,250.0,4660.0,280.0,"(0.0, 0.0, 0.0)",3.0
line,4620.0,360.0,4700.0,360.0,"(0.0, 0.0, 0.0)",3.0
line,4700.0,280.0,4620.0,280.0,"(0.0, 0.0, 0.0)",3.0
line,4700.0,360.0,4700.0,280.0,"(0.0, 0.0, 0.0)",3.0
line,4620.0,280.0,4620.0,360.0,"(0.0, 0.0, 0.0)",3.0
line,5020.0,360.0,5020.0,380.0,"(0.0, 0.0, 0.0)",3.0
line,5020.0,380.0,5020.0,500.0,"(0.0, 0.0, 0.0)",3.0
line,5020.0,500.0,4700.0,500.0,"(0.0, 0.0, 0.0)",3.0
line,4700.0,500.0,4700.0,540.0,"(0.0, 0.0, 0.0)",3.0
line,5020.0,500.0,5020.0,1240.0,"(0.0, 0.0, 0.0)",3.0
line,5020.0,250.0,5020.0,280.0,"(0.0, 0.0, 0.0)",3.0
line,4980.0,360.0,5060.0,360.0,"(0.0, 0.0, 0.0)",3.0
line,5060.0,280.0,4980.0,280.0,"(0.0, 0.0, 0.0)",3.0
line,5060.0,360.0,5060.0,280.0,"(0.0, 0.0, 0.0)",3.0
line,4980.0,280.0,4980.0,360.0,"(0.0, 0.0, 0.0)",3.0
line,3960.0,1340.0,3980.0,1340.0,"(0.0, 0.0, 0.0)",3.0
line,3980.0,1340.0,4420.0,1340.0,"(0.0, 0.0, 0.0)",3.0
line,3850.0,1340.0,3880.0,1340.0,"(0.0, 0.0, 0.0)",3.0
line,3960.0,1100.0,3980.0,1100.0,"(0.0, 0.0, 0.0)",3.0
line,3980.0,1100.0,4320.0,1100.0,"(0.0, 0.0, 0.0)",3.0
line,3850.0,1100.0,3880.0,1100.0,"(0.0, 0.0, 0.0)",3.0
line,4300.0,2640.0,4320.0,2640.0,"(0.0, 0.0, 0.0)",3.0
line,4320.0,2640.0,4560.0,2640.0,"(0.0, 0.0, 0.0)",3.0
line,4560.0,2640.0,4620.0,2720.0,"(0.0, 0.0, 0.0)",3.0
line,4190.0,2640.0,4220.0,2640.0,"(0.0, 0.0, 0.0)",3.0
line,3960.0,1440.0,3980.0,1440.0,"(0.0, 0.0, 0.0)",3.0
line,3980.0,1440.0,4240.0,1440.0,"(0.0, 0.0, 0.0)",3.0
line,4240.0,1440.0,4240.0,1420.0,"(0.0, 0.0, 0.0)",3.0
line,4240.0,1420.0,4420.0,1420.0,"(0.0, 0.0, 0.0)",3.0
line,3850.0,1440.0,3880.0,1440.0,"(0.0, 0.0, 0.0)",3.0
line,3960.0,1600.0,3980.0,1600.0,"(0.0, 0.0, 0.0)",3.0
line,3980.0,1600.0,4460.0,1600.0,"(0.0, 0.0, 0.0)",3.0
line,4460.0,1600.0,4460.0,1520.0,"(0.0, 0.0, 0.0)",3.0
line,4460.0,1520.0,4620.0,1520.0,"(0.0, 0.0, 0.0)",3.0
line,3850.0,1600.0,3880.0,1600.0,"(0.0, 0.0, 0.0)",3.0
line,340.0,360.0,340.0,380.0,"(0.0, 0.0, 0.0)",3.0
line,340.0,380.0,340.0,500.0,"(0.0, 0.0, 0.0)",3.0
line,340.0,250.0,340.0,280.0,"(0.0, 0.0, 0.0)",3.0
line,300.0,360.0,380.0,360.0,"(0.0, 0.0, 0.0)",3.0
line,380.0,280.0,300.0,280.0,"(0.0, 0.0, 0.0)",3.0
line,380.0,360.0,380.0,280.0,"(0.0, 0.0, 0.0)",3.0
line,300.0,280.0,300.0,360.0,"(0.0, 0.0, 0.0)",3.0
line,580.0,360.0,580.0,380.0,"(0.0, 0.0, 0.0)",3.0
line,580.0,380.0,580.0,460.0,"(0.0, 0.0, 0.0)",3.0
line,580.0,460.0,380.0,460.0,"(0.0, 0.0, 0.0)",3.0
line,380.0,460.0,380.0,500.0,"(0.0, 0.0, 0.0)",3.0
line,580.0,250.0,580.0,280.0,"(0.0, 0.0, 0.0)",3.0
line,580.0,1760.0,580.0,1780.0,"(0.0, 0.0, 0.0)",3.0
line,580.0,1780.0,580.0,1900.0,"(0.0, 0.0, 0.0)",3.0
line,580.0,1900.0,920.0,1900.0,"(0.0, 0.0, 0.0)",3.0
line,920.0,1900.0,920.0,2000.0,"(0.0, 0.0, 0.0)",3.0
line,580.0,1650.0,580.0,1680.0,"(0.0, 0.0, 0.0)",3.0
line,540.0,1760.0,620.0,1760.0,"(0.0, 0.0, 0.0)",3.0
line,620.0,1680.0,540.0,1680.0,"(0.0, 0.0, 0.0)",3.0
line,620.0,1760.0,620.0,1680.0,"(0.0, 0.0, 0.0)",3.0
line,540.0,1680.0,540.0,1760.0,"(0.0, 0.0, 0.0)",3.0
line,380.0,2000.0,400.0,2000.0,"(0.0, 0.0, 0.0)",3.0
line,400.0,2000.0,720.0,2000.0,"(0.0, 0.0, 0.0)",3.0
line,720.0,2000.0,720.0,1800.0,"(0.0, 0.0, 0.0)",3.0
line,720.0,1800.0,920.0,1800.0,"(0.0, 0.0, 0.0)",3.0
line,720.0,2000.0,720.0,2240.0,"(0.0, 0.0, 0.0)",3.0
line,720.0,2240.0,800.0,2240.0,"(0.0, 0.0, 0.0)",3.0
line,270.0,2000.0,300.0,2000.0,"(0.0, 0.0, 0.0)",3.0
line,380.0,2320.0,400.0,2320.0,"(0.0, 0.0, 0.0)",3.0
line,400.0,2320.0,700.0,2320.0,"(0.0, 0.0, 0.0)",3.0
line,270.0,2320.0,300.0,2320.0,"(0.0, 0.0, 0.0)",3.0
line,380.0,2200.0,400.0,2200.0,"(0.0, 0.0, 0.0)",3.0
line,400.0,2200.0,640.0,2200.0,"(0.0, 0.0, 0.0)",3.0
line,640.0,2200.0,640.0,2300.0,"(0.0, 0.0, 0.0)",3.0
line,640.0,2300.0,700.0,2300.0,"(0.0, 0.0, 0.0)",3.0
line,270.0,2200.0,300.0,2200.0,"(0.0, 0.0, 0.0)",3.0
line,2980.0,1760.0,2980.0,1780.0,"(0.0, 0.0, 0.0)",3.0
line,2980.0,1780.0,2980.0,1960.0,"(0.0, 0.0, 0.0)",3.0
line,2980.0,1960.0,3300.0,1960.0,"(0.0, 0.0, 0.0)",3.0
line,3300.0,1960.0,3300.0,2000.0,"(0.0, 0.0, 0.0)",3.0
line,2980.0,1650.0,2980.0,1680.0,"(0.0, 0.0, 0.0)",3.0
line,2940.0,1760.0,3020.0,1760.0,"(0.0, 0.0, 0.0)",3.0
line,3020.0,1680.0,2940.0,1680.0,"(0.0, 0.0, 0.0)",3.0
line,3020.0,1760.0,3020.0,1680.0,"(0.0, 0.0, 0.0)",3.0
line,2940.0,1680.0,2940.0,1760.0,"(0.0, 0.0, 0.0)",3.0
line,2740.0,2000.0,2760.0,2000.0,"(0.0, 0.0, 0.0)",3.0
line,2760.0,2000.0,3080.0,2000.0,"(0.0, 0.0, 0.0)",3.0
line,3080.0,2000.0,3080.0,1800.0,"(0.0, 0.0, 0.0)",3.0
line,3080.0,1800.0,3300.0,1800.0,"(0.0, 0.0, 0.0)",3.0
line,3080.0,2000.0,3080.0,2240.0,"(0.0, 0.0, 0.0)",3.0
line,3080.0,2240.0,3180.0,2240.0,"(0.0, 0.0, 0.0)",3.0
line,2630.0,2000.0,2660.0,2000.0,"(0.0, 0.0, 0.0)",3.0
line,2740.0,2320.0,2760.0,2320.0,"(0.0, 0.0, 0.0)",3.0
line,2760.0,2320.0,3080.0,2320.0,"(0.0, 0.0, 0.0)",3.0
line,2630.0,2320.0,2660.0,2320.0,"(0.0, 0.0, 0.0)",3.0
line,2740.0,2200.0,2760.0,2200.0,"(0.0, 0.0, 0.0)",3.0
line,2760.0,2200.0,3000.0,2200.0,"(0.0, 0.0, 0.0)",3.0
line,3000.0,2200.0,3000.0,2300.0,"(0.0, 0.0, 0.0)",3.0
line,3000.0,2300.0,3080.0,2300.0,"(0.0, 0.0, 0.0)",3.0
line,2630.0,2200.0,2660.0,2200.0,"(0.0, 0.0, 0.0)",3.0
line,3960.0,1200.0,3980.0,1200.0,"(0.0, 0.0, 0.0)",3.0
line,3980.0,1200.0,4040.0,1200.0,"(0.0, 0.0, 0.0)",3.0
line,4040.0,1200.0,4260.0,1200.0,"(0.0, 0.0, 0.0)",3.0
line,4260.0,1200.0,4260.0,1180.0,"(0.0, 0.0, 0.0)",3.0
line,4260.0,1180.0,4320.0,1180.0,"(0.0, 0.0, 0.0)",3.0
line,4040.0,1200.0,4040.0,2080.0,"(0.0, 0.0, 0.0)",3.0
line,4040.0,2080.0,4500.0,2080.0,"(0.0, 0.0, 0.0)",3.0
line,4500.0,2080.0,4500.0,2240.0,"(0.0, 0.0, 0.0)",3.0
line,4500.0,2240.0,4700.0,2240.0,"(0.0, 0.0, 0.0)",3.0
line,3850.0,1200.0,3880.0,1200.0,"(0.0, 0.0, 0.0)",3.0
line,4240.0,1880.0,4240.0,1900.0,"(0.0, 0.0, 0.0)",3.0
line,4240.0,1900.0,4240.0,1980.0,"(0.0, 0.0, 0.0)",3.0
line,4240.0,1980.0,4640.0,1980.0,"(0.0, 0.0, 0.0)",3.0
line,4640.0,1980.0,4640.0,2000.0,"(0.0, 0.0, 0.0)",3.0
line,4240.0,1770.0,4240.0,1800.0,"(0.0, 0.0, 0.0)",3.0
line,4200.0,1880.0,4280.0,1880.0,"(0.0, 0.0, 0.0)",3.0
line,4280.0,1800.0,4200.0,1800.0,"(0.0, 0.0, 0.0)",3.0
line,4280.0,1880.0,4280.0,1800.0,"(0.0, 0.0, 0.0)",3.0
line,4200.0,1800.0,4200.0,1880.0,"(0.0, 0.0, 0.0)",3.0
line,4080.0,2320.0,4100.0,2320.0,"(0.0, 0.0, 0.0)",3.0
line,4100.0,2320.0,4440.0,2320.0,"(0.0, 0.0, 0.0)",3.0
line,3970.0,2320.0,4000.0,2320.0,"(0.0, 0.0, 0.0)",3.0
line,4080.0,2220.0,4100.0,2220.0,"(0.0, 0.0, 0.0)",3.0
line,4100.0,2220.0,4340.0,2220.0,"(0.0, 0.0, 0.0)",3.0
line,4340.0,2220.0,4340.0,2300.0,"(0.0, 0.0, 0.0)",3.0
line,4340.0,2300.0,4440.0,2300.0,"(0.0, 0.0, 0.0)",3.0
line,3970.0,2220.0,4000.0,2220.0,"(0.0, 0.0, 0.0)",3.0
line,1500.0,2160.0,1520.0,2160.0,"(0.0, 0.0, 0.0)",3.0
line,1520.0,2160.0,1600.0,2160.0,"(0.0, 0.0, 0.0)",3.0
line,1600.0,2160.0,1600.0,2320.0,"(0.0, 0.0, 0.0)",3.0
line,1600.0,2320.0,1720.0,2320.0,"(0.0, 0.0, 0.0)",3.0
line,1390.0,2160.0,1420.0,2160.0,"(0.0, 0.0, 0.0)",3.0
line,1500.0,2060.0,1520.0,2060.0,"(0.0, 0.0, 0.0)",3.0
line,1520.0,2060.0,1620.0,2060.0,"(0.0, 0.0, 0.0)",3.0
line,1620.0,2060.0,1620.0,2300.0,"(0.0, 0.0, 0.0)",3.0
line,1620.0,2300.0,1720.0,2300.0,"(0.0, 0.0, 0.0)",3.0
line,1390.0,2060.0,1420.0,2060.0,"(0.0, 0.0, 0.0)",3.0
line,1500.0,1960.0,1520.0,1960.0,"(0.0, 0.0, 0.0)",3.0
line,1520.0,1960.0,1640.0,1960.0,"(0.0, 0.0, 0.0)",3.0
line,1640.0,1960.0,1640.0,1800.0,"(0.0, 0.0, 0.0)",3.0
line,1640.0,1800.0,1940.0,1800.0,"(0.0, 0.0, 0.0)",3.0
line,1640.0,1960.0,1640.0,2200.0,"(0.0, 0.0, 0.0)",3.0
line,1640.0,2200.0,1760.0,2200.0,"(0.0, 0.0, 0.0)",3.0
line,1390.0,1960.0,1420.0,1960.0,"(0.0, 0.0, 0.0)",3.0
line,1680.0,1760.0,1680.0,1780.0,"(0.0, 0.0, 0.0)",3.0
line,1680.0,1780.0,1680.0,1960.0,"(0.0, 0.0, 0.0)",3.0
line,1680.0,1960.0,1940.0,1960.0,"(0.0, 0.0, 0.0)",3.0
line,1940.0,1960.0,1940.0,2000.0,"(0.0, 0.0, 0.0)",3.0
line,1680.0,1650.0,1680.0,1680.0,"(0.0, 0.0, 0.0)",3.0
line,1640.0,1760.0,1720.0,1760.0,"(0.0, 0.0, 0.0)",3.0
line,1720.0,1680.0,1640.0,1680.0,"(0.0, 0.0, 0.0)",3.0
line,1720.0,1760.0,1720.0,1680.0,"(0.0, 0.0, 0.0)",3.0
line,1640.0,1680.0,1640.0,1760.0,"(0.0, 0.0, 0.0)",3.0
line,960.0,360.0,960.0,380.0,"(0.0, 0.0, 0.0)",3.0
line,960.0,380.0,960.0,860.0,"(0.0, 0.0, 0.0)",3.0
line,960.0,860.0,960.0,1200.0,"(0.0, 0.0, 0.0)",3.0
line,960.0,860.0,1980.0,860.0,"(0.0, 0.0, 0.0)",3.0
line,1980.0,860.0,3280.0,860.0,"(0.0, 0.0, 0.0)",3.0
line,1980.0,860.0,1980.0,1200.0,"(0.0, 0.0, 0.0)",3.0
line,960.0,250.0,960.0,280.0,"(0.0, 0.0, 0.0)",3.0
line,540.0,1100.0,560.0,1100.0,"(0.0, 0.0, 0.0)",3.0
line,560.0,1100.0,800.0,1100.0,"(0.0, 0.0, 0.0)",3.0
line,800.0,1100.0,920.0,1220.0,"(0.0, 0.0, 0.0)",3.0
line,430.0,1100.0,460.0,1100.0,"(0.0, 0.0, 0.0)",3.0
line,540.0,1420.0,560.0,1420.0,"(0.0, 0.0, 0.0)",3.0
line,560.0,1420.0,800.0,1420.0,"(0.0, 0.0, 0.0)",3.0
line,800.0,1420.0,920.0,1500.0,"(0.0, 0.0, 0.0)",3.0
line,800.0,1420.0,1860.0,1420.0,"(0.0, 0.0, 0.0)",3.0
line,1860.0,1420.0,3200.0,1420.0,"(0.0, 0.0, 0.0)",3.0
line,3200.0,1420.0,3300.0,1500.0,"(0.0, 0.0, 0.0)",3.0
line,1860.0,1420.0,1940.0,1500.0,"(0.0, 0.0, 0.0)",3.0
line,430.0,1420.0,460.0,1420.0,"(0.0, 0.0, 0.0)",3.0
line,1580.0,1100.0,1600.0,1100.0,"(0.0, 0.0, 0.0)",3.0
line,1600.0,1100.0,1860.0,1100.0,"(0.0, 0.0, 0.0)",3.0
line,1860.0,1100.0,1940.0,1220.0,"(0.0, 0.0, 0.0)",3.0
line,1470.0,1100.0,1500.0,1100.0,"(0.0, 0.0, 0.0)",3.0
line,520.0,2640.0,540.0,2640.0,"(0.0, 0.0, 0.0)",3.0
line,540.0,2640.0,800.0,2640.0,"(0.0, 0.0, 0.0)",3.0
line,800.0,2640.0,900.0,2720.0,"(0.0, 0.0, 0.0)",3.0
line,410.0,2640.0,440.0,2640.0,"(0.0, 0.0, 0.0)",3.0
line,1580.0,2640.0,1600.0,2640.0,"(0.0, 0.0, 0.0)",3.0
line,1600.0,2640.0,1860.0,2640.0,"(0.0, 0.0, 0.0)",3.0
line,1860.0,2640.0,1920.0,2720.0,"(0.0, 0.0, 0.0)",3.0
line,1470.0,2640.0,1500.0,2640.0,"(0.0, 0.0, 0.0)",3.0
line,2600.0,1100.0,2620.0,1100.0,"(0.0, 0.0, 0.0)",3.0
line,2620.0,1100.0,3200.0,1100.0,"(0.0, 0.0, 0.0)",3.0
line,3200.0,1100.0,3300.0,1220.0,"(0.0, 0.0, 0.0)",3.0
line,2490.0,1100.0,2520.0,1100.0,"(0.0, 0.0, 0.0)",3.0
line,2600.0,580.0,2620.0,580.0,"(0.0, 0.0, 0.0)",3.0
line,2620.0,580.0,2920.0,580.0,"(0.0, 0.0, 0.0)",3.0
line,2490.0,580.0,2520.0,580.0,"(0.0, 0.0, 0.0)",3.0
line,3020.0,440.0,3040.0,440.0,"(0.0, 0.0, 0.0)",3.0
line,3040.0,440.0,3340.0,440.0,"(0.0, 0.0, 0.0)",3.0
line,3340.0,440.0,3340.0,800.0,"(0.0, 0.0, 0.0)",3.0
line,3020.0,440.0,2980.0,480.0,"(0.0, 0.0, 0.0)",3.0
line,2980.0,480.0,2940.0,440.0,"(0.0, 0.0, 0.0)",3.0
line,2940.0,440.0,2980.0,400.0,"(0.0, 0.0, 0.0)",3.0
line,2980.0,400.0,3020.0,440.0,"(0.0, 0.0, 0.0)",3.0
line,340.0,500.0,340.0,520.0,"(0.0, 0.0, 0.0)",3.0
line,340.0,520.0,344.0,509.0,"(0.0, 0.0, 0.0)",3.0
line,344.0,509.0,336.0,509.0,"(0.0, 0.0, 0.0)",3.0
line,336.0,509.0,340.0,520.0,"(0.0, 0.0, 0.0)",3.0
line,380.0,500.0,380.0,520.0,"(0.0, 0.0, 0.0)",3.0
line,380.0,520.0,384.0,509.0,"(0.0, 0.0, 0.0)",3.0
line,384.0,509.0,376.0,509.0,"(0.0, 0.0, 0.0)",3.0
line,376.0,509.0,380.0,520.0,"(0.0, 0.0, 0.0)",3.0
line,360.0,580.0,360.0,600.0,"(0.0, 0.0, 0.0)",3.0
line,340.0,550.0,380.0,550.0,"(0.0, 0.0, 0.0)",3.0
line,2920.0,580.0,2940.0,580.0,"(0.0, 0.0, 0.0)",3.0
line,2940.0,580.0,2929.0,576.0,"(0.0, 0.0, 0.0)",3.0
line,2929.0,576.0,2929.0,584.0,"(0.0, 0.0, 0.0)",3.0
line,2929.0,584.0,2940.0,580.0,"(0.0, 0.0, 0.0)",3.0
line,3020.0,620.0,3040.0,620.0,"(0.0, 0.0, 0.0)",3.0
line,3040.0,620.0,3200.0,620.0,"(0.0, 0.0, 0.0)",3.0
line,3200.0,620.0,3300.0,820.0,"(0.0, 0.0, 0.0)",3.0
line,2920.0,660.0,2940.0,660.0,"(0.0, 0.0, 0.0)",3.0
line,2940.0,660.0,2929.0,656.0,"(0.0, 0.0, 0.0)",3.0
line,2929.0,656.0,2929.0,664.0,"(0.0, 0.0, 0.0)",3.0
line,2929.0,664.0,2940.0,660.0,"(0.0, 0.0, 0.0)",3.0
line,2940.0,560.0,2940.0,680.0,"(0.0, 0.0, 0.0)",3.0
line,3300.0,820.0,3320.0,840.0,"(0.0, 0.0, 0.0)",3.0
line,3320.0,840.0,3315.0,829.0,"(0.0, 0.0, 0.0)",3.0
line,3315.0,829.0,3309.0,835.0,"(0.0, 0.0, 0.0)",3.0
line,3309.0,835.0,3320.0,840.0,"(0.0, 0.0, 0.0)",3.0
line,3280.0,860.0,3300.0,860.0,"(0.0, 0.0, 0.0)",3.0
line,3300.0,860.0,3289.0,856.0,"(0.0, 0.0, 0.0)",3.0
line,3289.0,856.0,3289.0,864.0,"(0.0, 0.0, 0.0)",3.0
line,3289.0,864.0,3300.0,860.0,"(0.0, 0.0, 0.0)",3.0
line,3340.0,800.0,3340.0,820.0,"(0.0, 0.0, 0.0)",3.0
line,3340.0,820.0,3344.0,809.0,"(0.0, 0.0, 0.0)",3.0
line,3344.0,809.0,3336.0,809.0,"(0.0, 0.0, 0.0)",3.0
line,3336.0,809.0,3340.0,820.0,"(0.0, 0.0, 0.0)",3.0
line,3340.0,900.0,3340.0,920.0,"(0.0, 0.0, 0.0)",3.0
line,3340.0,920.0,3340.0,1200.0,"(0.0, 0.0, 0.0)",3.0
line,3380.0,860.0,3340.0,900.0,"(0.0, 0.0, 0.0)",3.0
line,3340.0,900.0,3300.0,860.0,"(0.0, 0.0, 0.0)",3.0
line,3300.0,860.0,3340.0,820.0,"(0.0, 0.0, 0.0)",3.0
line,3340.0,820.0,3380.0,860.0,"(0.0, 0.0, 0.0)",3.0
line,4660.0,540.0,4660.0,560.0,"(0.0, 0.0, 0.0)",3.0
line,4660.0,560.0,4664.0,549.0,"(0.0, 0.0, 0.0)",3.0
line,4664.0,549.0,4656.0,549.0,"(0.0, 0.0, 0.0)",3.0
line,4656.0,549.0,4660.0,560.0,"(0.0, 0.0, 0.0)",3.0
line,4700.0,540.0,4700.0,560.0,"(0.0, 0.0, 0.0)",3.0
line,4700.0,560.0,4704.0,549.0,"(0.0, 0.0, 0.0)",3.0
line,4704.0,549.0,4696.0,549.0,"(0.0, 0.0, 0.0)",3.0
line,4696.0,549.0,4700.0,560.0,"(0.0, 0.0, 0.0)",3.0
line,4680.0,620.0,4680.0,640.0,"(0.0, 0.0, 0.0)",3.0
line,4680.0,640.0,4680.0,720.0,"(0.0, 0.0, 0.0)",3.0
line,4695.0,570.0,4665.0,570.0,"(0.0, 0.0, 0.0)",3.0
line,4665.0,610.0,4695.0,610.0,"(0.0, 0.0, 0.0)",3.0
line,4695.0,570.0,4695.0,575.0,"(0.0, 0.0, 0.0)",3.0
line,4695.0,610.0,4695.0,605.0,"(0.0, 0.0, 0.0)",3.0
line,4665.0,570.0,4680.0,590.0,"(0.0, 0.0, 0.0)",3.0
line,4680.0,590.0,4665.0,610.0,"(0.0, 0.0, 0.0)",3.0
line,4680.0,720.0,4680.0,740.0,"(0.0, 0.0, 0.0)",3.0
line,4680.0,740.0,4684.0,729.0,"(0.0, 0.0, 0.0)",3.0
line,4684.0,729.0,4676.0,729.0,"(0.0, 0.0, 0.0)",3.0
line,4676.0,729.0,4680.0,740.0,"(0.0, 0.0, 0.0)",3.0
line,4680.0,800.0,4680.0,820.0,"(0.0, 0.0, 0.0)",3.0
line,4300.0,960.0,4320.0,960.0,"(0.0, 0.0, 0.0)",3.0
line,4320.0,960.0,4680.0,960.0,"(0.0, 0.0, 0.0)",3.0
line,4680.0,960.0,4680.0,1160.0,"(0.0, 0.0, 0.0)",3.0
line,4300.0,960.0,4260.0,1000.0,"(0.0, 0.0, 0.0)",3.0
line,4260.0,1000.0,4220.0,960.0,"(0.0, 0.0, 0.0)",3.0
line,4220.0,960.0,4260.0,920.0,"(0.0, 0.0, 0.0)",3.0
line,4260.0,920.0,4300.0,960.0,"(0.0, 0.0, 0.0)",3.0
line,4920.0,1020.0,4920.0,1080.0,"(0.0, 0.0, 0.0)",3.0
line,4920.0,1080.0,4920.0,1340.0,"(0.0, 0.0, 0.0)",3.0
line,4920.0,1340.0,4540.0,1340.0,"(0.0, 0.0, 0.0)",3.0
line,4540.0,1340.0,4540.0,1220.0,"(0.0, 0.0, 0.0)",3.0
line,4540.0,1220.0,4620.0,1220.0,"(0.0, 0.0, 0.0)",3.0
line,4920.0,940.0,4960.0,980.0,"(0.0, 0.0, 0.0)",3.0
line,4960.0,980.0,4920.0,1020.0,"(0.0, 0.0, 0.0)",3.0
line,4920.0,1020.0,4880.0,980.0,"(0.0, 0.0, 0.0)",3.0
line,4880.0,980.0,4920.0,940.0,"(0.0, 0.0, 0.0)",3.0
line,4840.0,1038.0,4842.0,1038.0,"(0.0, 0.0, 0.0)",3.0
line,4842.0,1038.0,4840.0,1032.0,"(0.0, 0.0, 0.0)",3.0
line,4840.0,1032.0,4840.0,1038.0,"(0.0, 0.0, 0.0)",3.0
line,4836.0,1040.0,4840.0,1020.0,"(0.0, 0.0, 0.0)",3.0
line,4840.0,1020.0,4844.0,1040.0,"(0.0, 0.0, 0.0)",3.0
line,4844.0,1040.0,4840.0,1024.0,"(0.0, 0.0, 0.0)",3.0
line,4840.0,1024.0,4836.0,1040.0,"(0.0, 0.0, 0.0)",3.0
line,4920.0,1050.0,4840.0,1050.0,"(0.0, 0.0, 0.0)",3.0
line,4840.0,1050.0,4840.0,1020.0,"(0.0, 0.0, 0.0)",3.0
line,4835.0,1040.0,4844.0,1040.0,"(0.0, 0.0, 0.0)",3.0
line,4840.0,1026.0,4838.0,1039.0,"(0.0, 0.0, 0.0)",3.0
line,4838.0,1039.0,4842.0,1039.0,"(0.0, 0.0, 0.0)",3.0
line,4842.0,1039.0,4840.0,1028.0,"(0.0, 0.0, 0.0)",3.0
line,4836.0,1039.0,4843.0,1039.0,"(0.0, 0.0, 0.0)",3.0
line,4320.0,1100.0,4340.0,1100.0,"(0.0, 0.0, 0.0)",3.0
line,4340.0,1100.0,4329.0,1096.0,"(0.0, 0.0, 0.0)",3.0
line,4329.0,1096.0,4329.0,1104.0,"(0.0, 0.0, 0.0)",3.0
line,4329.0,1104.0,4340.0,1100.0,"(0.0, 0.0, 0.0)",3.0
line,4420.0,1140.0,4440.0,1140.0,"(0.0, 0.0, 0.0)",3.0
line,4440.0,1140.0,4600.0,1140.0,"(0.0, 0.0, 0.0)",3.0
line,4600.0,1140.0,4640.0,1180.0,"(0.0, 0.0, 0.0)",3.0
line,4320.0,1180.0,4340.0,1180.0,"(0.0, 0.0, 0.0)",3.0
line,4340.0,1180.0,4329.0,1176.0,"(0.0, 0.0, 0.0)",3.0
line,4329.0,1176.0,4329.0,1184.0,"(0.0, 0.0, 0.0)",3.0
line,4329.0,1184.0,4340.0,1180.0,"(0.0, 0.0, 0.0)",3.0
line,4320.0,1140.0,4340.0,1140.0,"(0.0, 0.0, 0.0)",3.0
line,4340.0,1140.0,4329.0,1136.0,"(0.0, 0.0, 0.0)",3.0
line,4329.0,1136.0,4329.0,1144.0,"(0.0, 0.0, 0.0)",3.0
line,4329.0,1144.0,4340.0,1140.0,"(0.0, 0.0, 0.0)",3.0
line,4340.0,1080.0,4340.0,1200.0,"(0.0, 0.0, 0.0)",3.0
line,4640.0,1180.0,4660.0,1200.0,"(0.0, 0.0, 0.0)",3.0
line,4660.0,1200.0,4655.0,1189.0,"(0.0, 0.0, 0.0)",3.0
line,4655.0,1189.0,4649.0,1195.0,"(0.0, 0.0, 0.0)",3.0
line,4649.0,1195.0,4660.0,1200.0,"(0.0, 0.0, 0.0)",3.0
line,4620.0,1220.0,4640.0,1220.0,"(0.0, 0.0, 0.0)",3.0
line,4640.0,1220.0,4629.0,1216.0,"(0.0, 0.0, 0.0)",3.0
line,4629.0,1216.0,4629.0,1224.0,"(0.0, 0.0, 0.0)",3.0
line,4629.0,1224.0,4640.0,1220.0,"(0.0, 0.0, 0.0)",3.0
line,4680.0,1160.0,4680.0,1180.0,"(0.0, 0.0, 0.0)",3.0
line,4680.0,1180.0,4684.0,1169.0,"(0.0, 0.0, 0.0)",3.0
line,4684.0,1169.0,4676.0,1169.0,"(0.0, 0.0, 0.0)",3.0
line,4676.0,1169.0,4680.0,1180.0,"(0.0, 0.0, 0.0)",3.0
line,4680.0,1260.0,4680.0,1280.0,"(0.0, 0.0, 0.0)",3.0
line,4680.0,1280.0,4680.0,1460.0,"(0.0, 0.0, 0.0)",3.0
line,4720.0,1220.0,4680.0,1260.0,"(0.0, 0.0, 0.0)",3.0
line,4680.0,1260.0,4640.0,1220.0,"(0.0, 0.0, 0.0)",3.0
line,4640.0,1220.0,4680.0,1180.0,"(0.0, 0.0, 0.0)",3.0
line,4680.0,1180.0,4720.0,1220.0,"(0.0, 0.0, 0.0)",3.0
line,540.0,1260.0,560.0,1260.0,"(0.0, 0.0, 0.0)",3.0
line,560.0,1260.0,900.0,1260.0,"(0.0, 0.0, 0.0)",3.0
line,540.0,1260.0,500.0,1300.0,"(0.0, 0.0, 0.0)",3.0
line,500.0,1300.0,460.0,1260.0,"(0.0, 0.0, 0.0)",3.0
line,460.0,1260.0,500.0,1220.0,"(0.0, 0.0, 0.0)",3.0
line,500.0,1220.0,540.0,1260.0,"(0.0, 0.0, 0.0)",3.0
line,920.0,1220.0,940.0,1240.0,"(0.0, 0.0, 0.0)",3.0
line,940.0,1240.0,935.0,1229.0,"(0.0, 0.0, 0.0)",3.0
line,935.0,1229.0,929.0,1235.0,"(0.0, 0.0, 0.0)",3.0
line,929.0,1235.0,940.0,1240.0,"(0.0, 0.0, 0.0)",3.0
line,960.0,1200.0,960.0,1220.0,"(0.0, 0.0, 0.0)",3.0
line,960.0,1220.0,964.0,1209.0,"(0.0, 0.0, 0.0)",3.0
line,964.0,1209.0,956.0,1209.0,"(0.0, 0.0, 0.0)",3.0
line,956.0,1209.0,960.0,1220.0,"(0.0, 0.0, 0.0)",3.0
line,900.0,1260.0,920.0,1260.0,"(0.0, 0.0, 0.0)",3.0
line,920.0,1260.0,909.0,1256.0,"(0.0, 0.0, 0.0)",3.0
line,909.0,1256.0,909.0,1264.0,"(0.0, 0.0, 0.0)",3.0
line,909.0,1264.0,920.0,1260.0,"(0.0, 0.0, 0.0)",3.0
line,960.0,1300.0,960.0,1320.0,"(0.0, 0.0, 0.0)",3.0
line,960.0,1320.0,960.0,1480.0,"(0.0, 0.0, 0.0)",3.0
line,1000.0,1260.0,960.0,1300.0,"(0.0, 0.0, 0.0)",3.0
line,960.0,1300.0,920.0,1260.0,"(0.0, 0.0, 0.0)",3.0
line,920.0,1260.0,960.0,1220.0,"(0.0, 0.0, 0.0)",3.0
line,960.0,1220.0,1000.0,1260.0,"(0.0, 0.0, 0.0)",3.0
line,920.0,1500.0,940.0,1520.0,"(0.0, 0.0, 0.0)",3.0
line,940.0,1520.0,935.0,1509.0,"(0.0, 0.0, 0.0)",3.0
line,935.0,1509.0,929.0,1515.0,"(0.0, 0.0, 0.0)",3.0
line,929.0,1515.0,940.0,1520.0,"(0.0, 0.0, 0.0)",3.0
line,900.0,1540.0,920.0,1540.0,"(0.0, 0.0, 0.0)",3.0
line,920.0,1540.0,909.0,1536.0,"(0.0, 0.0, 0.0)",3.0
line,909.0,1536.0,909.0,1544.0,"(0.0, 0.0, 0.0)",3.0
line,909.0,1544.0,920.0,1540.0,"(0.0, 0.0, 0.0)",3.0
line,960.0,1480.0,960.0,1500.0,"(0.0, 0.0, 0.0)",3.0
line,960.0,1500.0,964.0,1489.0,"(0.0, 0.0, 0.0)",3.0
line,964.0,1489.0,956.0,1489.0,"(0.0, 0.0, 0.0)",3.0
line,956.0,1489.0,960.0,1500.0,"(0.0, 0.0, 0.0)",3.0
line,960.0,1580.0,960.0,1600.0,"(0.0, 0.0, 0.0)",3.0
line,960.0,1600.0,960.0,1680.0,"(0.0, 0.0, 0.0)",3.0
line,960.0,1680.0,960.0,1780.0,"(0.0, 0.0, 0.0)",3.0
line,960.0,1680.0,800.0,1680.0,"(0.0, 0.0, 0.0)",3.0
line,800.0,1680.0,800.0,1540.0,"(0.0, 0.0, 0.0)",3.0
line,800.0,1540.0,900.0,1540.0,"(0.0, 0.0, 0.0)",3.0
line,1000.0,1540.0,960.0,1580.0,"(0.0, 0.0, 0.0)",3.0
line,960.0,1580.0,920.0,1540.0,"(0.0, 0.0, 0.0)",3.0
line,920.0,1540.0,960.0,1500.0,"(0.0, 0.0, 0.0)",3.0
line,960.0,1500.0,1000.0,1540.0,"(0.0, 0.0, 0.0)",3.0
line,1580.0,1260.0,1600.0,1260.0,"(0.0, 0.0, 0.0)",3.0
line,1600.0,1260.0,1920.0,1260.0,"(0.0, 0.0, 0.0)",3.0
line,1580.0,1260.0,1540.0,1300.0,"(0.0, 0.0, 0.0)",3.0
line,1540.0,1300.0,1500.0,1260.0,"(0.0, 0.0, 0.0)",3.0
line,1500.0,1260.0,1540.0,1220.0,"(0.0, 0.0, 0.0)",3.0
line,1540.0,1220.0,1580.0,1260.0,"(0.0, 0.0, 0.0)",3.0
line,1940.0,1220.0,1960.0,1240.0,"(0.0, 0.0, 0.0)",3.0
line,1960.0,1240.0,1955.0,1229.0,"(0.0, 0.0, 0.0)",3.0
line,1955.0,1229.0,1949.0,1235.0,"(0.0, 0.0, 0.0)",3.0
line,1949.0,1235.0,1960.0,1240.0,"(0.0, 0.0, 0.0)",3.0
line,1980.0,1200.0,1980.0,1220.0,"(0.0, 0.0, 0.0)",3.0
line,1980.0,1220.0,1984.0,1209.0,"(0.0, 0.0, 0.0)",3.0
line,1984.0,1209.0,1976.0,1209.0,"(0.0, 0.0, 0.0)",3.0
line,1976.0,1209.0,1980.0,1220.0,"(0.0, 0.0, 0.0)",3.0
line,1920.0,1260.0,1940.0,1260.0,"(0.0, 0.0, 0.0)",3.0
line,1940.0,1260.0,1929.0,1256.0,"(0.0, 0.0, 0.0)",3.0
line,1929.0,1256.0,1929.0,1264.0,"(0.0, 0.0, 0.0)",3.0
line,1929.0,1264.0,1940.0,1260.0,"(0.0, 0.0, 0.0)",3.0
line,1980.0,1300.0,1980.0,1320.0,"(0.0, 0.0, 0.0)",3.0
line,1980.0,1320.0,1980.0,1480.0,"(0.0, 0.0, 0.0)",3.0
line,2020.0,1260.0,1980.0,1300.0,"(0.0, 0.0, 0.0)",3.0
line,1980.0,1300.0,1940.0,1260.0,"(0.0, 0.0, 0.0)",3.0
line,1940.0,1260.0,1980.0,1220.0,"(0.0, 0.0, 0.0)",3.0
line,1980.0,1220.0,2020.0,1260.0,"(0.0, 0.0, 0.0)",3.0
line,1940.0,1500.0,1960.0,1520.0,"(0.0, 0.0, 0.0)",3.0
line,1960.0,1520.0,1955.0,1509.0,"(0.0, 0.0, 0.0)",3.0
line,1955.0,1509.0,1949.0,1515.0,"(0.0, 0.0, 0.0)",3.0
line,1949.0,1515.0,1960.0,1520.0,"(0.0, 0.0, 0.0)",3.0
line,1920.0,1540.0,1940.0,1540.0,"(0.0, 0.0, 0.0)",3.0
line,1940.0,1540.0,1929.0,1536.0,"(0.0, 0.0, 0.0)",3.0
line,1929.0,1536.0,1929.0,1544.0,"(0.0, 0.0, 0.0)",3.0
line,1929.0,1544.0,1940.0,1540.0,"(0.0, 0.0, 0.0)",3.0
line,1980.0,1480.0,1980.0,1500.0,"(0.0, 0.0, 0.0)",3.0
line,1980.0,1500.0,1984.0,1489.0,"(0.0, 0.0, 0.0)",3.0
line,1984.0,1489.0,1976.0,1489.0,"(0.0, 0.0, 0.0)",3.0
line,1976.0,1489.0,1980.0,1500.0,"(0.0, 0.0, 0.0)",3.0
line,1980.0,1580.0,1980.0,1600.0,"(0.0, 0.0, 0.0)",3.0
line,1980.0,1600.0,1980.0,1660.0,"(0.0, 0.0, 0.0)",3.0
line,1980.0,1660.0,1980.0,1780.0,"(0.0, 0.0, 0.0)",3.0
line,1980.0,1660.0,1840.0,1660.0,"(0.0, 0.0, 0.0)",3.0
line,1840.0,1660.0,1840.0,1540.0,"(0.0, 0.0, 0.0)",3.0
line,1840.0,1540.0,1920.0,1540.0,"(0.0, 0.0, 0.0)",3.0
line,2020.0,1540.0,1980.0,1580.0,"(0.0, 0.0, 0.0)",3.0
line,1980.0,1580.0,1940.0,1540.0,"(0.0, 0.0, 0.0)",3.0
line,1940.0,1540.0,1980.0,1500.0,"(0.0, 0.0, 0.0)",3.0
line,1980.0,1500.0,2020.0,1540.0,"(0.0, 0.0, 0.0)",3.0
line,2600.0,1260.0,2620.0,1260.0,"(0.0, 0.0, 0.0)",3.0
line,2620.0,1260.0,3280.0,1260.0,"(0.0, 0.0, 0.0)",3.0
line,2600.0,1260.0,2560.0,1300.0,"(0.0, 0.0, 0.0)",3.0
line,2560.0,1300.0,2520.0,1260.0,"(0.0, 0.0, 0.0)",3.0
line,2520.0,1260.0,2560.0,1220.0,"(0.0, 0.0, 0.0)",3.0
line,2560.0,1220.0,2600.0,1260.0,"(0.0, 0.0, 0.0)",3.0
line,3300.0,1220.0,3320.0,1240.0,"(0.0, 0.0, 0.0)",3.0
line,3320.0,1240.0,3315.0,1229.0,"(0.0, 0.0, 0.0)",3.0
line,3315.0,1229.0,3309.0,1235.0,"(0.0, 0.0, 0.0)",3.0
line,3309.0,1235.0,3320.0,1240.0,"(0.0, 0.0, 0.0)",3.0
line,3280.0,1260.0,3300.0,1260.0,"(0.0, 0.0, 0.0)",3.0
line,3300.0,1260.0,3289.0,1256.0,"(0.0, 0.0, 0.0)",3.0
line,3289.0,1256.0,3289.0,1264.0,"(0.0, 0.0, 0.0)",3.0
line,3289.0,1264.0,3300.0,1260.0,"(0.0, 0.0, 0.0)",3.0
line,3340.0,1200.0,3340.0,1220.0,"(0.0, 0.0, 0.0)",3.0
line,3340.0,1220.0,3344.0,1209.0,"(0.0, 0.0, 0.0)",3.0
line,3344.0,1209.0,3336.0,1209.0,"(0.0, 0.0, 0.0)",3.0
line,3336.0,1209.0,3340.0,1220.0,"(0.0, 0.0, 0.0)",3.0
line,3340.0,1300.0,3340.0,1320.0,"(0.0, 0.0, 0.0)",3.0
line,3340.0,1320.0,3340.0,1480.0,"(0.0, 0.0, 0.0)",3.0
line,3380.0,1260.0,3340.0,1300.0,"(0.0, 0.0, 0.0)",3.0
line,3340.0,1300.0,3300.0,1260.0,"(0.0, 0.0, 0.0)",3.0
line,3300.0,1260.0,3340.0,1220.0,"(0.0, 0.0, 0.0)",3.0
line,3340.0,1220.0,3380.0,1260.0,"(0.0, 0.0, 0.0)",3.0
line,3300.0,1500.0,3320.0,1520.0,"(0.0, 0.0, 0.0)",3.0
line,3320.0,1520.0,3315.0,1509.0,"(0.0, 0.0, 0.0)",3.0
line,3315.0,1509.0,3309.0,1515.0,"(0.0, 0.0, 0.0)",3.0
line,3309.0,1515.0,3320.0,1520.0,"(0.0, 0.0, 0.0)",3.0
line,3280.0,1540.0,3300.0,1540.0,"(0.0, 0.0, 0.0)",3.0
line,3300.0,1540.0,3289.0,1536.0,"(0.0, 0.0, 0.0)",3.0
line,3289.0,1536.0,3289.0,1544.0,"(0.0, 0.0, 0.0)",3.0
line,3289.0,1544.0,3300.0,1540.0,"(0.0, 0.0, 0.0)",3.0
line,3340.0,1480.0,3340.0,1500.0,"(0.0, 0.0, 0.0)",3.0
line,3340.0,1500.0,3344.0,1489.0,"(0.0, 0.0, 0.0)",3.0
line,3344.0,1489.0,3336.0,1489.0,"(0.0, 0.0, 0.0)",3.0
line,3336.0,1489.0,3340.0,1500.0,"(0.0, 0.0, 0.0)",3.0
line,3340.0,1580.0,3340.0,1600.0,"(0.0, 0.0, 0.0)",3.0
line,3340.0,1600.0,3340.0,1660.0,"(0.0, 0.0, 0.0)",3.0
line,3340.0,1660.0,3340.0,1780.0,"(0.0, 0.0, 0.0)",3.0
line,3340.0,1660.0,3180.0,1660.0,"(0.0, 0.0, 0.0)",3.0
line,3180.0,1660.0,3180.0,1540.0,"(0.0, 0.0, 0.0)",3.0
line,3180.0,1540.0,3280.0,1540.0,"(0.0, 0.0, 0.0)",3.0
line,3380.0,1540.0,3340.0,1580.0,"(0.0, 0.0, 0.0)",3.0
line,3340.0,1580.0,3300.0,1540.0,"(0.0, 0.0, 0.0)",3.0
line,3300.0,1540.0,3340.0,1500.0,"(0.0, 0.0, 0.0)",3.0
line,3340.0,1500.0,3380.0,1540.0,"(0.0, 0.0, 0.0)",3.0
line,4420.0,1340.0,4440.0,1340.0,"(0.0, 0.0, 0.0)",3.0
line,4440.0,1340.0,4429.0,1336.0,"(0.0, 0.0, 0.0)",3.0
line,4429.0,1336.0,4429.0,1344.0,"(0.0, 0.0, 0.0)",3.0
line,4429.0,1344.0,4440.0,1340.0,"(0.0, 0.0, 0.0)",3.0
line,4520.0,1380.0,4540.0,1380.0,"(0.0, 0.0, 0.0)",3.0
line,4540.0,1380.0,4580.0,1380.0,"(0.0, 0.0, 0.0)",3.0
line,4580.0,1380.0,4640.0,1480.0,"(0.0, 0.0, 0.0)",3.0
line,4420.0,1420.0,4440.0,1420.0,"(0.0, 0.0, 0.0)",3.0
line,4440.0,1420.0,4429.0,1416.0,"(0.0, 0.0, 0.0)",3.0
line,4429.0,1416.0,4429.0,1424.0,"(0.0, 0.0, 0.0)",3.0
line,4429.0,1424.0,4440.0,1420.0,"(0.0, 0.0, 0.0)",3.0
line,4440.0,1320.0,4440.0,1440.0,"(0.0, 0.0, 0.0)",3.0
line,4640.0,1480.0,4660.0,1500.0,"(0.0, 0.0, 0.0)",3.0
line,4660.0,1500.0,4655.0,1489.0,"(0.0, 0.0, 0.0)",3.0
line,4655.0,1489.0,4649.0,1495.0,"(0.0, 0.0, 0.0)",3.0
line,4649.0,1495.0,4660.0,1500.0,"(0.0, 0.0, 0.0)",3.0
line,4620.0,1520.0,4640.0,1520.0,"(0.0, 0.0, 0.0)",3.0
line,4640.0,1520.0,4629.0,1516.0,"(0.0, 0.0, 0.0)",3.0
line,4629.0,1516.0,4629.0,1524.0,"(0.0, 0.0, 0.0)",3.0
line,4629.0,1524.0,4640.0,1520.0,"(0.0, 0.0, 0.0)",3.0
line,4680.0,1460.0,4680.0,1480.0,"(0.0, 0.0, 0.0)",3.0
line,4680.0,1480.0,4684.0,1469.0,"(0.0, 0.0, 0.0)",3.0
line,4684.0,1469.0,4676.0,1469.0,"(0.0, 0.0, 0.0)",3.0
line,4676.0,1469.0,4680.0,1480.0,"(0.0, 0.0, 0.0)",3.0
line,4680.0,1560.0,4680.0,1580.0,"(0.0, 0.0, 0.0)",3.0
line,4680.0,1580.0,4680.0,1740.0,"(0.0, 0.0, 0.0)",3.0
line,4720.0,1520.0,4680.0,1560.0,"(0.0, 0.0, 0.0)",3.0
line,4680.0,1560.0,4640.0,1520.0,"(0.0, 0.0, 0.0)",3.0
line,4640.0,1520.0,4680.0,1480.0,"(0.0, 0.0, 0.0)",3.0
line,4680.0,1480.0,4720.0,1520.0,"(0.0, 0.0, 0.0)",3.0
line,5020.0,1240.0,5020.0,1260.0,"(0.0, 0.0, 0.0)",3.0
line,5020.0,1260.0,5024.0,1249.0,"(0.0, 0.0, 0.0)",3.0
line,5024.0,1249.0,5016.0,1249.0,"(0.0, 0.0, 0.0)",3.0
line,5016.0,1249.0,5020.0,1260.0,"(0.0, 0.0, 0.0)",3.0
line,5020.0,1300.0,5020.0,1320.0,"(0.0, 0.0, 0.0)",3.0
line,5020.0,1320.0,5020.0,1680.0,"(0.0, 0.0, 0.0)",3.0
line,5020.0,1680.0,4580.0,1680.0,"(0.0, 0.0, 0.0)",3.0
line,4580.0,1680.0,4640.0,1760.0,"(0.0, 0.0, 0.0)",3.0
line,5028.0,1260.0,5008.0,1300.0,"(0.0, 0.0, 0.0)",3.0
line,5032.0,1260.0,5012.0,1300.0,"(0.0, 0.0, 0.0)",3.0
line,4640.0,1760.0,4660.0,1780.0,"(0.0, 0.0, 0.0)",3.0
line,4660.0,1780.0,4655.0,1769.0,"(0.0, 0.0, 0.0)",3.0
line,4655.0,1769.0,4649.0,1775.0,"(0.0, 0.0, 0.0)",3.0
line,4649.0,1775.0,4660.0,1780.0,"(0.0, 0.0, 0.0)",3.0
line,4620.0,1800.0,4640.0,1800.0,"(0.0, 0.0, 0.0)",3.0
line,4640.0,1800.0,4629.0,1796.0,"(0.0, 0.0, 0.0)",3.0
line,4629.0,1796.0,4629.0,1804.0,"(0.0, 0.0, 0.0)",3.0
line,4629.0,1804.0,4640.0,1800.0,"(0.0, 0.0, 0.0)",3.0
line,4680.0,1740.0,4680.0,1760.0,"(0.0, 0.0, 0.0)",3.0
line,4680.0,1760.0,4684.0,1749.0,"(0.0, 0.0, 0.0)",3.0
line,4684.0,1749.0,4676.0,1749.0,"(0.0, 0.0, 0.0)",3.0
line,4676.0,1749.0,4680.0,1760.0,"(0.0, 0.0, 0.0)",3.0
line,4680.0,1840.0,4680.0,1860.0,"(0.0, 0.0, 0.0)",3.0
line,4680.0,1860.0,4680.0,1920.0,"(0.0, 0.0, 0.0)",3.0
line,4680.0,1920.0,4680.0,2000.0,"(0.0, 0.0, 0.0)",3.0
line,4680.0,1920.0,4500.0,1920.0,"(0.0, 0.0, 0.0)",3.0
line,4500.0,1920.0,4500.0,1800.0,"(0.0, 0.0, 0.0)",3.0
line,4500.0,1800.0,4620.0,1800.0,"(0.0, 0.0, 0.0)",3.0
line,4720.0,1800.0,4680.0,1840.0,"(0.0, 0.0, 0.0)",3.0
line,4680.0,1840.0,4640.0,1800.0,"(0.0, 0.0, 0.0)",3.0
line,4640.0,1800.0,4680.0,1760.0,"(0.0, 0.0, 0.0)",3.0
line,4680.0,1760.0,4720.0,1800.0,"(0.0, 0.0, 0.0)",3.0
line,4640.0,2000.0,4640.0,2020.0,"(0.0, 0.0, 0.0)",3.0
line,4640.0,2020.0,4644.0,2009.0,"(0.0, 0.0, 0.0)",3.0
line,4644.0,2009.0,4636.0,2009.0,"(0.0, 0.0, 0.0)",3.0
line,4636.0,2009.0,4640.0,2020.0,"(0.0, 0.0, 0.0)",3.0
line,4680.0,2000.0,4680.0,2020.0,"(0.0, 0.0, 0.0)",3.0
line,4680.0,2020.0,4684.0,2009.0,"(0.0, 0.0, 0.0)",3.0
line,4684.0,2009.0,4676.0,2009.0,"(0.0, 0.0, 0.0)",3.0
line,4676.0,2009.0,4680.0,2020.0,"(0.0, 0.0, 0.0)",3.0
line,4660.0,2140.0,4660.0,2160.0,"(0.0, 0.0, 0.0)",3.0
line,4660.0,2160.0,4660.0,2420.0,"(0.0, 0.0, 0.0)",3.0
line,4640.0,2070.0,4660.0,2030.0,"(0.0, 0.0, 0.0)",3.0
line,4660.0,2030.0,4680.0,2070.0,"(0.0, 0.0, 0.0)",3.0
line,4680.0,2070.0,4640.0,2070.0,"(0.0, 0.0, 0.0)",3.0
line,4610.0,2080.0,4710.0,2080.0,"(0.0, 0.0, 0.0)",3.0
line,4643.0,2080.0,4643.0,2140.0,"(0.0, 0.0, 0.0)",3.0
line,4661.0,2104.0,4659.0,2116.0,"(0.0, 0.0, 0.0)",3.0
line,4677.0,2080.0,4677.0,2140.0,"(0.0, 0.0, 0.0)",3.0
line,4681.0,2111.0,4706.0,2111.0,"(0.0, 0.0, 0.0)",3.0
line,340.0,1720.0,340.0,1780.0,"(0.0, 0.0, 0.0)",3.0
line,340.0,1780.0,340.0,1840.0,"(0.0, 0.0, 0.0)",3.0
line,340.0,1840.0,900.0,1840.0,"(0.0, 0.0, 0.0)",3.0
line,340.0,1640.0,380.0,1680.0,"(0.0, 0.0, 0.0)",3.0
line,380.0,1680.0,340.0,1720.0,"(0.0, 0.0, 0.0)",3.0
line,340.0,1720.0,300.0,1680.0,"(0.0, 0.0, 0.0)",3.0
line,300.0,1680.0,340.0,1640.0,"(0.0, 0.0, 0.0)",3.0
line,260.0,1738.0,262.0,1738.0,"(0.0, 0.0, 0.0)",3.0
line,262.0,1738.0,260.0,1732.0,"(0.0, 0.0, 0.0)",3.0
line,260.0,1732.0,260.0,1738.0,"(0.0, 0.0, 0.0)",3.0
line,256.0,1740.0,260.0,1720.0,"(0.0, 0.0, 0.0)",3.0
line,260.0,1720.0,264.0,1740.0,"(0.0, 0.0, 0.0)",3.0
line,264.0,1740.0,260.0,1724.0,"(0.0, 0.0, 0.0)",3.0
line,260.0,1724.0,256.0,1740.0,"(0.0, 0.0, 0.0)",3.0
line,340.0,1750.0,260.0,1750.0,"(0.0, 0.0, 0.0)",3.0
line,260.0,1750.0,260.0,1720.0,"(0.0, 0.0, 0.0)",3.0
line,255.0,1740.0,264.0,1740.0,"(0.0, 0.0, 0.0)",3.0
line,260.0,1726.0,258.0,1739.0,"(0.0, 0.0, 0.0)",3.0
line,258.0,1739.0,262.0,1739.0,"(0.0, 0.0, 0.0)",3.0
line,262.0,1739.0,260.0,1728.0,"(0.0, 0.0, 0.0)",3.0
line,256.0,1739.0,263.0,1739.0,"(0.0, 0.0, 0.0)",3.0
line,920.0,1800.0,940.0,1820.0,"(0.0, 0.0, 0.0)",3.0
line,940.0,1820.0,935.0,1809.0,"(0.0, 0.0, 0.0)",3.0
line,935.0,1809.0,929.0,1815.0,"(0.0, 0.0, 0.0)",3.0
line,929.0,1815.0,940.0,1820.0,"(0.0, 0.0, 0.0)",3.0
line,900.0,1840.0,920.0,1840.0,"(0.0, 0.0, 0.0)",3.0
line,920.0,1840.0,909.0,1836.0,"(0.0, 0.0, 0.0)",3.0
line,909.0,1836.0,909.0,1844.0,"(0.0, 0.0, 0.0)",3.0
line,909.0,1844.0,920.0,1840.0,"(0.0, 0.0, 0.0)",3.0
line,960.0,1780.0,960.0,1800.0,"(0.0, 0.0, 0.0)",3.0
line,960.0,1800.0,964.0,1789.0,"(0.0, 0.0, 0.0)",3.0
line,964.0,1789.0,956.0,1789.0,"(0.0, 0.0, 0.0)",3.0
line,956.0,1789.0,960.0,1800.0,"(0.0, 0.0, 0.0)",3.0
line,960.0,1880.0,960.0,1900.0,"(0.0, 0.0, 0.0)",3.0
line,960.0,1900.0,960.0,2000.0,"(0.0, 0.0, 0.0)",3.0
line,1000.0,1840.0,960.0,1880.0,"(0.0, 0.0, 0.0)",3.0
line,960.0,1880.0,920.0,1840.0,"(0.0, 0.0, 0.0)",3.0
line,920.0,1840.0,960.0,1800.0,"(0.0, 0.0, 0.0)",3.0
line,960.0,1800.0,1000.0,1840.0,"(0.0, 0.0, 0.0)",3.0
line,920.0,2000.0,920.0,2020.0,"(0.0, 0.0, 0.0)",3.0
line,920.0,2020.0,924.0,2009.0,"(0.0, 0.0, 0.0)",3.0
line,924.0,2009.0,916.0,2009.0,"(0.0, 0.0, 0.0)",3.0
line,916.0,2009.0,920.0,2020.0,"(0.0, 0.0, 0.0)",3.0
line,960.0,2000.0,960.0,2020.0,"(0.0, 0.0, 0.0)",3.0
line,960.0,2020.0,964.0,2009.0,"(0.0, 0.0, 0.0)",3.0
line,964.0,2009.0,956.0,2009.0,"(0.0, 0.0, 0.0)",3.0
line,956.0,2009.0,960.0,2020.0,"(0.0, 0.0, 0.0)",3.0
line,940.0,2140.0,940.0,2160.0,"(0.0, 0.0, 0.0)",3.0
line,940.0,2160.0,940.0,2420.0,"(0.0, 0.0, 0.0)",3.0
line,920.0,2070.0,940.0,2030.0,"(0.0, 0.0, 0.0)",3.0
line,940.0,2030.0,960.0,2070.0,"(0.0, 0.0, 0.0)",3.0
line,960.0,2070.0,920.0,2070.0,"(0.0, 0.0, 0.0)",3.0
line,890.0,2080.0,990.0,2080.0,"(0.0, 0.0, 0.0)",3.0
line,923.0,2080.0,923.0,2140.0,"(0.0, 0.0, 0.0)",3.0
line,941.0,2104.0,939.0,2116.0,"(0.0, 0.0, 0.0)",3.0
line,957.0,2080.0,957.0,2140.0,"(0.0, 0.0, 0.0)",3.0
line,961.0,2111.0,986.0,2111.0,"(0.0, 0.0, 0.0)",3.0
line,1500.0,1740.0,1500.0,1800.0,"(0.0, 0.0, 0.0)",3.0
line,1500.0,1800.0,1500.0,1840.0,"(0.0, 0.0, 0.0)",3.0
line,1500.0,1840.0,1920.0,1840.0,"(0.0, 0.0, 0.0)",3.0
line,1500.0,1660.0,1540.0,1700.0,"(0.0, 0.0, 0.0)",3.0
line,1540.0,1700.0,1500.0,1740.0,"(0.0, 0.0, 0.0)",3.0
line,1500.0,1740.0,1460.0,1700.0,"(0.0, 0.0, 0.0)",3.0
line,1460.0,1700.0,1500.0,1660.0,"(0.0, 0.0, 0.0)",3.0
line,1420.0,1758.0,1422.0,1758.0,"(0.0, 0.0, 0.0)",3.0
line,1422.0,1758.0,1420.0,1752.0,"(0.0, 0.0, 0.0)",3.0
line,1420.0,1752.0,1420.0,1758.0,"(0.0, 0.0, 0.0)",3.0
line,1416.0,1760.0,1420.0,1740.0,"(0.0, 0.0, 0.0)",3.0
line,1420.0,1740.0,1424.0,1760.0,"(0.0, 0.0, 0.0)",3.0
line,1424.0,1760.0,1420.0,1744.0,"(0.0, 0.0, 0.0)",3.0
line,1420.0,1744.0,1416.0,1760.0,"(0.0, 0.0, 0.0)",3.0
line,1500.0,1770.0,1420.0,1770.0,"(0.0, 0.0, 0.0)",3.0
line,1420.0,1770.0,1420.0,1740.0,"(0.0, 0.0, 0.0)",3.0
line,1415.0,1760.0,1424.0,1760.0,"(0.0, 0.0, 0.0)",3.0
line,1420.0,1746.0,1418.0,1759.0,"(0.0, 0.0, 0.0)",3.0
line,1418.0,1759.0,1422.0,1759.0,"(0.0, 0.0, 0.0)",3.0
line,1422.0,1759.0,1420.0,1748.0,"(0.0, 0.0, 0.0)",3.0
line,1416.0,1759.0,1423.0,1759.0,"(0.0, 0.0, 0.0)",3.0
line,1940.0,1800.0,1960.0,1820.0,"(0.0, 0.0, 0.0)",3.0
line,1960.0,1820.0,1955.0,1809.0,"(0.0, 0.0, 0.0)",3.0
line,1955.0,1809.0,1949.0,1815.0,"(0.0, 0.0, 0.0)",3.0
line,1949.0,1815.0,1960.0,1820.0,"(0.0, 0.0, 0.0)",3.0
line,1920.0,1840.0,1940.0,1840.0,"(0.0, 0.0, 0.0)",3.0
line,1940.0,1840.0,1929.0,1836.0,"(0.0, 0.0, 0.0)",3.0
line,1929.0,1836.0,1929.0,1844.0,"(0.0, 0.0, 0.0)",3.0
line,1929.0,1844.0,1940.0,1840.0,"(0.0, 0.0, 0.0)",3.0
line,1980.0,1780.0,1980.0,1800.0,"(0.0, 0.0, 0.0)",3.0
line,1980.0,1800.0,1984.0,1789.0,"(0.0, 0.0, 0.0)",3.0
line,1984.0,1789.0,1976.0,1789.0,"(0.0, 0.0, 0.0)",3.0
line,1976.0,1789.0,1980.0,1800.0,"(0.0, 0.0, 0.0)",3.0
line,1980.0,1880.0,1980.0,1900.0,"(0.0, 0.0, 0.0)",3.0
line,1980.0,1900.0,1980.0,2000.0,"(0.0, 0.0, 0.0)",3.0
line,2020.0,1840.0,1980.0,1880.0,"(0.0, 0.0, 0.0)",3.0
line,1980.0,1880.0,1940.0,1840.0,"(0.0, 0.0, 0.0)",3.0
line,1940.0,1840.0,1980.0,1800.0,"(0.0, 0.0, 0.0)",3.0
line,1980.0,1800.0,2020.0,1840.0,"(0.0, 0.0, 0.0)",3.0
line,1940.0,2000.0,1940.0,2020.0,"(0.0, 0.0, 0.0)",3.0
line,1940.0,2020.0,1944.0,2009.0,"(0.0, 0.0, 0.0)",3.0
line,1944.0,2009.0,1936.0,2009.0,"(0.0, 0.0, 0.0)",3.0
line,1936.0,2009.0,1940.0,2020.0,"(0.0, 0.0, 0.0)",3.0
line,1980.0,2000.0,1980.0,2020.0,"(0.0, 0.0, 0.0)",3.0
line,1980.0,2020.0,1984.0,2009.0,"(0.0, 0.0, 0.0)",3.0
line,1984.0,2009.0,1976.0,2009.0,"(0.0, 0.0, 0.0)",3.0
line,1976.0,2009.0,1980.0,2020.0,"(0.0, 0.0, 0.0)",3.0
line,1960.0,2140.0,1960.0,2160.0,"(0.0, 0.0, 0.0)",3.0
line,1960.0,2160.0,1960.0,2420.0,"(0.0, 0.0, 0.0)",3.0
line,1940.0,2070.0,1960.0,2030.0,"(0.0, 0.0, 0.0)",3.0
line,1960.0,2030.0,1980.0,2070.0,"(0.0, 0.0, 0.0)",3.0
line,1980.0,2070.0,1940.0,2070.0,"(0.0, 0.0, 0.0)",3.0
line,1910.0,2080.0,2010.0,2080.0,"(0.0, 0.0, 0.0)",3.0
line,1943.0,2080.0,1943.0,2140.0,"(0.0, 0.0, 0.0)",3.0
line,1961.0,2104.0,1959.0,2116.0,"(0.0, 0.0, 0.0)",3.0
line,1977.0,2080.0,1977.0,2140.0,"(0.0, 0.0, 0.0)",3.0
line,1981.0,2111.0,2006.0,2111.0,"(0.0, 0.0, 0.0)",3.0
line,2740.0,1720.0,2740.0,1780.0,"(0.0, 0.0, 0.0)",3.0
line,2740.0,1780.0,2740.0,1840.0,"(0.0, 0.0, 0.0)",3.0
line,2740.0,1840.0,3280.0,1840.0,"(0.0, 0.0, 0.0)",3.0
line,2740.0,1640.0,2780.0,1680.0,"(0.0, 0.0, 0.0)",3.0
line,2780.0,1680.0,2740.0,1720.0,"(0.0, 0.0, 0.0)",3.0
line,2740.0,1720.0,2700.0,1680.0,"(0.0, 0.0, 0.0)",3.0
line,2700.0,1680.0,2740.0,1640.0,"(0.0, 0.0, 0.0)",3.0
line,2660.0,1738.0,2662.0,1738.0,"(0.0, 0.0, 0.0)",3.0
line,2662.0,1738.0,2660.0,1732.0,"(0.0, 0.0, 0.0)",3.0
line,2660.0,1732.0,2660.0,1738.0,"(0.0, 0.0, 0.0)",3.0
line,2656.0,1740.0,2660.0,1720.0,"(0.0, 0.0, 0.0)",3.0
line,2660.0,1720.0,2664.0,1740.0,"(0.0, 0.0, 0.0)",3.0
line,2664.0,1740.0,2660.0,1724.0,"(0.0, 0.0, 0.0)",3.0
line,2660.0,1724.0,2656.0,1740.0,"(0.0, 0.0, 0.0)",3.0
line,2740.0,1750.0,2660.0,1750.0,"(0.0, 0.0, 0.0)",3.0
line,2660.0,1750.0,2660.0,1720.0,"(0.0, 0.0, 0.0)",3.0
line,2655.0,1740.0,2664.0,1740.0,"(0.0, 0.0, 0.0)",3.0
line,2660.0,1726.0,2658.0,1739.0,"(0.0, 0.0, 0.0)",3.0
line,2658.0,1739.0,2662.0,1739.0,"(0.0, 0.0, 0.0)",3.0
line,2662.0,1739.0,2660.0,1728.0,"(0.0, 0.0, 0.0)",3.0
line,2656.0,1739.0,2663.0,1739.0,"(0.0, 0.0, 0.0)",3.0
line,3300.0,1800.0,3320.0,1820.0,"(0.0, 0.0, 0.0)",3.0
line,3320.0,1820.0,3315.0,1809.0,"(0.0, 0.0, 0.0)",3.0
line,3315.0,1809.0,3309.0,1815.0,"(0.0, 0.0, 0.0)",3.0
line,3309.0,1815.0,3320.0,1820.0,"(0.0, 0.0, 0.0)",3.0
line,3280.0,1840.0,3300.0,1840.0,"(0.0, 0.0, 0.0)",3.0
line,3300.0,1840.0,3289.0,1836.0,"(0.0, 0.0, 0.0)",3.0
line,3289.0,1836.0,3289.0,1844.0,"(0.0, 0.0, 0.0)",3.0
line,3289.0,1844.0,3300.0,1840.0,"(0.0, 0.0, 0.0)",3.0
line,3340.0,1780.0,3340.0,1800.0,"(0.0, 0.0, 0.0)",3.0
line,3340.0,1800.0,3344.0,1789.0,"(0.0, 0.0, 0.0)",3.0
line,3344.0,1789.0,3336.0,1789.0,"(0.0, 0.0, 0.0)",3.0
line,3336.0,1789.0,3340.0,1800.0,"(0.0, 0.0, 0.0)",3.0
line,3340.0,1880.0,3340.0,1900.0,"(0.0, 0.0, 0.0)",3.0
line,3340.0,1900.0,3340.0,2000.0,"(0.0, 0.0, 0.0)",3.0
line,3380.0,1840.0,3340.0,1880.0,"(0.0, 0.0, 0.0)",3.0
line,3340.0,1880.0,3300.0,1840.0,"(0.0, 0.0, 0.0)",3.0
line,3300.0,1840.0,3340.0,1800.0,"(0.0, 0.0, 0.0)",3.0
line,3340.0,1800.0,3380.0,1840.0,"(0.0, 0.0, 0.0)",3.0
line,3300.0,2000.0,3300.0,2020.0,"(0.0, 0.0, 0.0)",3.0
line,3300.0,2020.0,3304.0,2009.0,"(0.0, 0.0, 0.0)",3.0
line,3304.0,2009.0,3296.0,2009.0,"(0.0, 0.0, 0.0)",3.0
line,3296.0,2009.0,3300.0,2020.0,"(0.0, 0.0, 0.0)",3.0
line,3340.0,2000.0,3340.0,2020.0,"(0.0, 0.0, 0.0)",3.0
line,3340.0,2020.0,3344.0,2009.0,"(0.0, 0.0, 0.0)",3.0
line,3344.0,2009.0,3336.0,2009.0,"(0.0, 0.0, 0.0)",3.0
line,3336.0,2009.0,3340.0,2020.0,"(0.0, 0.0, 0.0)",3.0
line,3320.0,2140.0,3320.0,2160.0,"(0.0, 0.0, 0.0)",3.0
line,3320.0,2160.0,3320.0,2420.0,"(0.0, 0.0, 0.0)",3.0
line,3300.0,2070.0,3320.0,2030.0,"(0.0, 0.0, 0.0)",3.0
line,3320.0,2030.0,3340.0,2070.0,"(0.0, 0.0, 0.0)",3.0
line,3340.0,2070.0,3300.0,2070.0,"(0.0, 0.0, 0.0)",3.0
line,3270.0,2080.0,3370.0,2080.0,"(0.0, 0.0, 0.0)",3.0
line,3303.0,2080.0,3303.0,2140.0,"(0.0, 0.0, 0.0)",3.0
line,3321.0,2104.0,3319.0,2116.0,"(0.0, 0.0, 0.0)",3.0
line,3337.0,2080.0,3337.0,2140.0,"(0.0, 0.0, 0.0)",3.0
line,3341.0,2111.0,3366.0,2111.0,"(0.0, 0.0, 0.0)",3.0
line,700.0,2300.0,720.0,2300.0,"(0.0, 0.0, 0.0)",3.0
line,720.0,2300.0,709.0,2296.0,"(0.0, 0.0, 0.0)",3.0
line,709.0,2296.0,709.0,2304.0,"(0.0, 0.0, 0.0)",3.0
line,709.0,2304.0,720.0,2300.0,"(0.0, 0.0, 0.0)",3.0
line,700.0,2320.0,720.0,2320.0,"(0.0, 0.0, 0.0)",3.0
line,720.0,2320.0,709.0,2316.0,"(0.0, 0.0, 0.0)",3.0
line,709.0,2316.0,709.0,2324.0,"(0.0, 0.0, 0.0)",3.0
line,709.0,2324.0,720.0,2320.0,"(0.0, 0.0, 0.0)",3.0
line,700.0,2340.0,720.0,2340.0,"(0.0, 0.0, 0.0)",3.0
line,720.0,2340.0,709.0,2336.0,"(0.0, 0.0, 0.0)",3.0
line,709.0,2336.0,709.0,2344.0,"(0.0, 0.0, 0.0)",3.0
line,709.0,2344.0,720.0,2340.0,"(0.0, 0.0, 0.0)",3.0
line,700.0,2360.0,720.0,2360.0,"(0.0, 0.0, 0.0)",3.0
line,720.0,2360.0,709.0,2356.0,"(0.0, 0.0, 0.0)",3.0
line,709.0,2356.0,709.0,2364.0,"(0.0, 0.0, 0.0)",3.0
line,709.0,2364.0,720.0,2360.0,"(0.0, 0.0, 0.0)",3.0
line,820.0,2300.0,840.0,2300.0,"(0.0, 0.0, 0.0)",3.0
line,820.0,2320.0,840.0,2320.0,"(0.0, 0.0, 0.0)",3.0
line,840.0,2320.0,1060.0,2320.0,"(0.0, 0.0, 0.0)",3.0
line,820.0,2360.0,840.0,2360.0,"(0.0, 0.0, 0.0)",3.0
line,840.0,2360.0,1040.0,2360.0,"(0.0, 0.0, 0.0)",3.0
line,1040.0,2360.0,980.0,2440.0,"(0.0, 0.0, 0.0)",3.0
line,940.0,2420.0,940.0,2440.0,"(0.0, 0.0, 0.0)",3.0
line,940.0,2440.0,944.0,2429.0,"(0.0, 0.0, 0.0)",3.0
line,944.0,2429.0,936.0,2429.0,"(0.0, 0.0, 0.0)",3.0
line,936.0,2429.0,940.0,2440.0,"(0.0, 0.0, 0.0)",3.0
line,940.0,2520.0,940.0,2580.0,"(0.0, 0.0, 0.0)",3.0
line,940.0,2580.0,940.0,2700.0,"(0.0, 0.0, 0.0)",3.0
line,980.0,2440.0,960.0,2460.0,"(0.0, 0.0, 0.0)",3.0
line,960.0,2460.0,971.0,2455.0,"(0.0, 0.0, 0.0)",3.0
line,971.0,2455.0,965.0,2449.0,"(0.0, 0.0, 0.0)",3.0
line,965.0,2449.0,960.0,2460.0,"(0.0, 0.0, 0.0)",3.0
line,980.0,2480.0,940.0,2440.0,"(0.0, 0.0, 0.0)",3.0
line,940.0,2440.0,900.0,2480.0,"(0.0, 0.0, 0.0)",3.0
line,900.0,2480.0,940.0,2520.0,"(0.0, 0.0, 0.0)",3.0
line,940.0,2520.0,980.0,2480.0,"(0.0, 0.0, 0.0)",3.0
line,1020.0,2520.0,980.0,2480.0,"(0.0, 0.0, 0.0)",3.0
line,980.0,2480.0,1020.0,2440.0,"(0.0, 0.0, 0.0)",3.0
line,1020.0,2440.0,1060.0,2480.0,"(0.0, 0.0, 0.0)",3.0
line,1060.0,2480.0,1020.0,2520.0,"(0.0, 0.0, 0.0)",3.0
line,1102.0,2538.0,1100.0,2532.0,"(0.0, 0.0, 0.0)",3.0
line,1100.0,2532.0,1100.0,2538.0,"(0.0, 0.0, 0.0)",3.0
line,1100.0,2538.0,1102.0,2538.0,"(0.0, 0.0, 0.0)",3.0
line,1104.0,2540.0,1100.0,2520.0,"(0.0, 0.0, 0.0)",3.0
line,1100.0,2520.0,1096.0,2540.0,"(0.0, 0.0, 0.0)",3.0
line,1096.0,2540.0,1100.0,2524.0,"(0.0, 0.0, 0.0)",3.0
line,1100.0,2524.0,1104.0,2540.0,"(0.0, 0.0, 0.0)",3.0
line,1100.0,2550.0,940.0,2550.0,"(0.0, 0.0, 0.0)",3.0
line,1100.0,2550.0,1100.0,2520.0,"(0.0, 0.0, 0.0)",3.0
line,1095.0,2540.0,1104.0,2540.0,"(0.0, 0.0, 0.0)",3.0
line,1100.0,2526.0,1098.0,2539.0,"(0.0, 0.0, 0.0)",3.0
line,1098.0,2539.0,1102.0,2539.0,"(0.0, 0.0, 0.0)",3.0
line,1102.0,2539.0,1100.0,2528.0,"(0.0, 0.0, 0.0)",3.0
line,1096.0,2539.0,1103.0,2539.0,"(0.0, 0.0, 0.0)",3.0
line,1060.0,2240.0,1080.0,2240.0,"(0.0, 0.0, 0.0)",3.0
line,1080.0,2240.0,1069.0,2236.0,"(0.0, 0.0, 0.0)",3.0
line,1069.0,2236.0,1069.0,2244.0,"(0.0, 0.0, 0.0)",3.0
line,1069.0,2244.0,1080.0,2240.0,"(0.0, 0.0, 0.0)",3.0
line,1160.0,2280.0,1180.0,2280.0,"(0.0, 0.0, 0.0)",3.0
line,1060.0,2320.0,1080.0,2320.0,"(0.0, 0.0, 0.0)",3.0
line,1080.0,2320.0,1069.0,2316.0,"(0.0, 0.0, 0.0)",3.0
line,1069.0,2316.0,1069.0,2324.0,"(0.0, 0.0, 0.0)",3.0
line,1069.0,2324.0,1080.0,2320.0,"(0.0, 0.0, 0.0)",3.0
line,1080.0,2220.0,1080.0,2340.0,"(0.0, 0.0, 0.0)",3.0
line,1720.0,2300.0,1740.0,2300.0,"(0.0, 0.0, 0.0)",3.0
line,1740.0,2300.0,1729.0,2296.0,"(0.0, 0.0, 0.0)",3.0
line,1729.0,2296.0,1729.0,2304.0,"(0.0, 0.0, 0.0)",3.0
line,1729.0,2304.0,1740.0,2300.0,"(0.0, 0.0, 0.0)",3.0
line,1720.0,2320.0,1740.0,2320.0,"(0.0, 0.0, 0.0)",3.0
line,1740.0,2320.0,1729.0,2316.0,"(0.0, 0.0, 0.0)",3.0
line,1729.0,2316.0,1729.0,2324.0,"(0.0, 0.0, 0.0)",3.0
line,1729.0,2324.0,1740.0,2320.0,"(0.0, 0.0, 0.0)",3.0
line,1720.0,2340.0,1740.0,2340.0,"(0.0, 0.0, 0.0)",3.0
line,1740.0,2340.0,1729.0,2336.0,"(0.0, 0.0, 0.0)",3.0
line,1729.0,2336.0,1729.0,2344.0,"(0.0, 0.0, 0.0)",3.0
line,1729.0,2344.0,1740.0,2340.0,"(0.0, 0.0, 0.0)",3.0
line,1720.0,2360.0,1740.0,2360.0,"(0.0, 0.0, 0.0)",3.0
line,1740.0,2360.0,1729.0,2356.0,"(0.0, 0.0, 0.0)",3.0
line,1729.0,2356.0,1729.0,2364.0,"(0.0, 0.0, 0.0)",3.0
line,1729.0,2364.0,1740.0,2360.0,"(0.0, 0.0, 0.0)",3.0
line,1840.0,2300.0,1860.0,2300.0,"(0.0, 0.0, 0.0)",3.0
line,1840.0,2320.0,1860.0,2320.0,"(0.0, 0.0, 0.0)",3.0
line,1860.0,2320.0,2120.0,2320.0,"(0.0, 0.0, 0.0)",3.0
line,1840.0,2360.0,1860.0,2360.0,"(0.0, 0.0, 0.0)",3.0
line,1860.0,2360.0,2060.0,2360.0,"(0.0, 0.0, 0.0)",3.0
line,2060.0,2360.0,2000.0,2440.0,"(0.0, 0.0, 0.0)",3.0
line,2120.0,2240.0,2140.0,2240.0,"(0.0, 0.0, 0.0)",3.0
line,2140.0,2240.0,2129.0,2236.0,"(0.0, 0.0, 0.0)",3.0
line,2129.0,2236.0,2129.0,2244.0,"(0.0, 0.0, 0.0)",3.0
line,2129.0,2244.0,2140.0,2240.0,"(0.0, 0.0, 0.0)",3.0
line,2220.0,2280.0,2240.0,2280.0,"(0.0, 0.0, 0.0)",3.0
line,2120.0,2320.0,2140.0,2320.0,"(0.0, 0.0, 0.0)",3.0
line,2140.0,2320.0,2129.0,2316.0,"(0.0, 0.0, 0.0)",3.0
line,2129.0,2316.0,2129.0,2324.0,"(0.0, 0.0, 0.0)",3.0
line,2129.0,2324.0,2140.0,2320.0,"(0.0, 0.0, 0.0)",3.0
line,2120.0,2280.0,2140.0,2280.0,"(0.0, 0.0, 0.0)",3.0
line,2140.0,2280.0,2129.0,2276.0,"(0.0, 0.0, 0.0)",3.0
line,2129.0,2276.0,2129.0,2284.0,"(0.0, 0.0, 0.0)",3.0
line,2129.0,2284.0,2140.0,2280.0,"(0.0, 0.0, 0.0)",3.0
line,2140.0,2220.0,2140.0,2340.0,"(0.0, 0.0, 0.0)",3.0
line,1960.0,2420.0,1960.0,2440.0,"(0.0, 0.0, 0.0)",3.0
line,1960.0,2440.0,1964.0,2429.0,"(0.0, 0.0, 0.0)",3.0
line,1964.0,2429.0,1956.0,2429.0,"(0.0, 0.0, 0.0)",3.0
line,1956.0,2429.0,1960.0,2440.0,"(0.0, 0.0, 0.0)",3.0
line,1960.0,2520.0,1960.0,2580.0,"(0.0, 0.0, 0.0)",3.0
line,1960.0,2580.0,1960.0,2700.0,"(0.0, 0.0, 0.0)",3.0
line,2000.0,2440.0,1980.0,2460.0,"(0.0, 0.0, 0.0)",3.0
line,1980.0,2460.0,1991.0,2455.0,"(0.0, 0.0, 0.0)",3.0
line,1991.0,2455.0,1985.0,2449.0,"(0.0, 0.0, 0.0)",3.0
line,1985.0,2449.0,1980.0,2460.0,"(0.0, 0.0, 0.0)",3.0
line,2000.0,2480.0,1960.0,2440.0,"(0.0, 0.0, 0.0)",3.0
line,1960.0,2440.0,1920.0,2480.0,"(0.0, 0.0, 0.0)",3.0
line,1920.0,2480.0,1960.0,2520.0,"(0.0, 0.0, 0.0)",3.0
line,1960.0,2520.0,2000.0,2480.0,"(0.0, 0.0, 0.0)",3.0
line,2040.0,2520.0,2000.0,2480.0,"(0.0, 0.0, 0.0)",3.0
line,2000.0,2480.0,2040.0,2440.0,"(0.0, 0.0, 0.0)",3.0
line,2040.0,2440.0,2080.0,2480.0,"(0.0, 0.0, 0.0)",3.0
line,2080.0,2480.0,2040.0,2520.0,"(0.0, 0.0, 0.0)",3.0
line,2122.0,2538.0,2120.0,2532.0,"(0.0, 0.0, 0.0)",3.0
line,2120.0,2532.0,2120.0,2538.0,"(0.0, 0.0, 0.0)",3.0
line,2120.0,2538.0,2122.0,2538.0,"(0.0, 0.0, 0.0)",3.0
line,2124.0,2540.0,2120.0,2520.0,"(0.0, 0.0, 0.0)",3.0
line,2120.0,2520.0,2116.0,2540.0,"(0.0, 0.0, 0.0)",3.0
line,2116.0,2540.0,2120.0,2524.0,"(0.0, 0.0, 0.0)",3.0
line,2120.0,2524.0,2124.0,2540.0,"(0.0, 0.0, 0.0)",3.0
line,2120.0,2550.0,1960.0,2550.0,"(0.0, 0.0, 0.0)",3.0
line,2120.0,2550.0,2120.0,2520.0,"(0.0, 0.0, 0.0)",3.0
line,2115.0,2540.0,2124.0,2540.0,"(0.0, 0.0, 0.0)",3.0
line,2120.0,2526.0,2118.0,2539.0,"(0.0, 0.0, 0.0)",3.0
line,2118.0,2539.0,2122.0,2539.0,"(0.0, 0.0, 0.0)",3.0
line,2122.0,2539.0,2120.0,2528.0,"(0.0, 0.0, 0.0)",3.0
line,2116.0,2539.0,2123.0,2539.0,"(0.0, 0.0, 0.0)",3.0
line,3080.0,2300.0,3100.0,2300.0,"(0.0, 0.0, 0.0)",3.0
line,3100.0,2300.0,3089.0,2296.0,"(0.0, 0.0, 0.0)",3.0
line,3089.0,2296.0,3089.0,2304.0,"(0.0, 0.0, 0.0)",3.0
line,3089.0,2304.0,3100.0,2300.0,"(0.0, 0.0, 0.0)",3.0
line,3080.0,2320.0,3100.0,2320.0,"(0.0, 0.0, 0.0)",3.0
line,3100.0,2320.0,3089.0,2316.0,"(0.0, 0.0, 0.0)",3.0
line,3089.0,2316.0,3089.0,2324.0,"(0.0, 0.0, 0.0)",3.0
line,3089.0,2324.0,3100.0,2320.0,"(0.0, 0.0, 0.0)",3.0
line,3080.0,2340.0,3100.0,2340.0,"(0.0, 0.0, 0.0)",3.0
line,3100.0,2340.0,3089.0,2336.0,"(0.0, 0.0, 0.0)",3.0
line,3089.0,2336.0,3089.0,2344.0,"(0.0, 0.0, 0.0)",3.0
line,3089.0,2344.0,3100.0,2340.0,"(0.0, 0.0, 0.0)",3.0
line,3080.0,2360.0,3100.0,2360.0,"(0.0, 0.0, 0.0)",3.0
line,3100.0,2360.0,3089.0,2356.0,"(0.0, 0.0, 0.0)",3.0
line,3089.0,2356.0,3089.0,2364.0,"(0.0, 0.0, 0.0)",3.0
line,3089.0,2364.0,3100.0,2360.0,"(0.0, 0.0, 0.0)",3.0
line,3200.0,2300.0,3220.0,2300.0,"(0.0, 0.0, 0.0)",3.0
line,3200.0,2320.0,3220.0,2320.0,"(0.0, 0.0, 0.0)",3.0
line,3220.0,2320.0,3440.0,2320.0,"(0.0, 0.0, 0.0)",3.0
line,3200.0,2360.0,3220.0,2360.0,"(0.0, 0.0, 0.0)",3.0
line,3220.0,2360.0,3440.0,2360.0,"(0.0, 0.0, 0.0)",3.0
line,3440.0,2360.0,3360.0,2440.0,"(0.0, 0.0, 0.0)",3.0
line,3320.0,2420.0,3320.0,2440.0,"(0.0, 0.0, 0.0)",3.0
line,3320.0,2440.0,3324.0,2429.0,"(0.0, 0.0, 0.0)",3.0
line,3324.0,2429.0,3316.0,2429.0,"(0.0, 0.0, 0.0)",3.0
line,3316.0,2429.0,3320.0,2440.0,"(0.0, 0.0, 0.0)",3.0
line,3320.0,2520.0,3320.0,2580.0,"(0.0, 0.0, 0.0)",3.0
line,3320.0,2580.0,3320.0,2700.0,"(0.0, 0.0, 0.0)",3.0
line,3360.0,2440.0,3340.0,2460.0,"(0.0, 0.0, 0.0)",3.0
line,3340.0,2460.0,3351.0,2455.0,"(0.0, 0.0, 0.0)",3.0
line,3351.0,2455.0,3345.0,2449.0,"(0.0, 0.0, 0.0)",3.0
line,3345.0,2449.0,3340.0,2460.0,"(0.0, 0.0, 0.0)",3.0
line,3360.0,2480.0,3320.0,2440.0,"(0.0, 0.0, 0.0)",3.0
line,3320.0,2440.0,3280.0,2480.0,"(0.0, 0.0, 0.0)",3.0
line,3280.0,2480.0,3320.0,2520.0,"(0.0, 0.0, 0.0)",3.0
line,3320.0,2520.0,3360.0,2480.0,"(0.0, 0.0, 0.0)",3.0
line,3400.0,2520.0,3360.0,2480.0,"(0.0, 0.0, 0.0)",3.0
line,3360.0,2480.0,3400.0,2440.0,"(0.0, 0.0, 0.0)",3.0
line,3400.0,2440.0,3440.0,2480.0,"(0.0, 0.0, 0.0)",3.0
line,3440.0,2480.0,3400.0,2520.0,"(0.0, 0.0, 0.0)",3.0
line,3482.0,2538.0,3480.0,2532.0,"(0.0, 0.0, 0.0)",3.0
line,3480.0,2532.0,3480.0,2538.0,"(0.0, 0.0, 0.0)",3.0
line,3480.0,2538.0,3482.0,2538.0,"(0.0, 0.0, 0.0)",3.0
line,3484.0,2540.0,3480.0,2520.0,"(0.0, 0.0, 0.0)",3.0
line,3480.0,2520.0,3476.0,2540.0,"(0.0, 0.0, 0.0)",3.0
line,3476.0,2540.0,3480.0,2524.0,"(0.0, 0.0, 0.0)",3.0
line,3480.0,2524.0,3484.0,2540.0,"(0.0, 0.0, 0.0)",3.0
line,3480.0,2550.0,3320.0,2550.0,"(0.0, 0.0, 0.0)",3.0
line,3480.0,2550.0,3480.0,2520.0,"(0.0, 0.0, 0.0)",3.0
line,3475.0,2540.0,3484.0,2540.0,"(0.0, 0.0, 0.0)",3.0
line,3480.0,2526.0,3478.0,2539.0,"(0.0, 0.0, 0.0)",3.0
line,3478.0,2539.0,3482.0,2539.0,"(0.0, 0.0, 0.0)",3.0
line,3482.0,2539.0,3480.0,2528.0,"(0.0, 0.0, 0.0)",3.0
line,3476.0,2539.0,3483.0,2539.0,"(0.0, 0.0, 0.0)",3.0
line,3440.0,2240.0,3460.0,2240.0,"(0.0, 0.0, 0.0)",3.0
line,3460.0,2240.0,3449.0,2236.0,"(0.0, 0.0, 0.0)",3.0
line,3449.0,2236.0,3449.0,2244.0,"(0.0, 0.0, 0.0)",3.0
line,3449.0,2244.0,3460.0,2240.0,"(0.0, 0.0, 0.0)",3.0
line,3540.0,2280.0,3560.0,2280.0,"(0.0, 0.0, 0.0)",3.0
line,3440.0,2320.0,3460.0,2320.0,"(0.0, 0.0, 0.0)",3.0
line,3460.0,2320.0,3449.0,2316.0,"(0.0, 0.0, 0.0)",3.0
line,3449.0,2316.0,3449.0,2324.0,"(0.0, 0.0, 0.0)",3.0
line,3449.0,2324.0,3460.0,2320.0,"(0.0, 0.0, 0.0)",3.0
line,3460.0,2220.0,3460.0,2340.0,"(0.0, 0.0, 0.0)",3.0
line,4440.0,2300.0,4460.0,2300.0,"(0.0, 0.0, 0.0)",3.0
line,4460.0,2300.0,4449.0,2296.0,"(0.0, 0.0, 0.0)",3.0
line,4449.0,2296.0,4449.0,2304.0,"(0.0, 0.0, 0.0)",3.0
line,4449.0,2304.0,4460.0,2300.0,"(0.0, 0.0, 0.0)",3.0
line,4440.0,2320.0,4460.0,2320.0,"(0.0, 0.0, 0.0)",3.0
line,4460.0,2320.0,4449.0,2316.0,"(0.0, 0.0, 0.0)",3.0
line,4449.0,2316.0,4449.0,2324.0,"(0.0, 0.0, 0.0)",3.0
line,4449.0,2324.0,4460.0,2320.0,"(0.0, 0.0, 0.0)",3.0
line,4440.0,2340.0,4460.0,2340.0,"(0.0, 0.0, 0.0)",3.0
line,4460.0,2340.0,4449.0,2336.0,"(0.0, 0.0, 0.0)",3.0
line,4449.0,2336.0,4449.0,2344.0,"(0.0, 0.0, 0.0)",3.0
line,4449.0,2344.0,4460.0,2340.0,"(0.0, 0.0, 0.0)",3.0
line,4440.0,2360.0,4460.0,2360.0,"(0.0, 0.0, 0.0)",3.0
line,4460.0,2360.0,4449.0,2356.0,"(0.0, 0.0, 0.0)",3.0
line,4449.0,2356.0,4449.0,2364.0,"(0.0, 0.0, 0.0)",3.0
line,4449.0,2364.0,4460.0,2360.0,"(0.0, 0.0, 0.0)",3.0
line,4560.0,2300.0,4580.0,2300.0,"(0.0, 0.0, 0.0)",3.0
line,4560.0,2320.0,4580.0,2320.0,"(0.0, 0.0, 0.0)",3.0
line,4580.0,2320.0,4880.0,2320.0,"(0.0, 0.0, 0.0)",3.0
line,4560.0,2360.0,4580.0,2360.0,"(0.0, 0.0, 0.0)",3.0
line,4580.0,2360.0,4780.0,2360.0,"(0.0, 0.0, 0.0)",3.0
line,4780.0,2360.0,4700.0,2440.0,"(0.0, 0.0, 0.0)",3.0
line,4660.0,2420.0,4660.0,2440.0,"(0.0, 0.0, 0.0)",3.0
line,4660.0,2440.0,4664.0,2429.0,"(0.0, 0.0, 0.0)",3.0
line,4664.0,2429.0,4656.0,2429.0,"(0.0, 0.0, 0.0)",3.0
line,4656.0,2429.0,4660.0,2440.0,"(0.0, 0.0, 0.0)",3.0
line,4660.0,2520.0,4660.0,2580.0,"(0.0, 0.0, 0.0)",3.0
line,4660.0,2580.0,4660.0,2700.0,"(0.0, 0.0, 0.0)",3.0
line,4700.0,2440.0,4680.0,2460.0,"(0.0, 0.0, 0.0)",3.0
line,4680.0,2460.0,4691.0,2455.0,"(0.0, 0.0, 0.0)",3.0
line,4691.0,2455.0,4685.0,2449.0,"(0.0, 0.0, 0.0)",3.0
line,4685.0,2449.0,4680.0,2460.0,"(0.0, 0.0, 0.0)",3.0
line,4700.0,2480.0,4660.0,2440.0,"(0.0, 0.0, 0.0)",3.0
line,4660.0,2440.0,4620.0,2480.0,"(0.0, 0.0, 0.0)",3.0
line,4620.0,2480.0,4660.0,2520.0,"(0.0, 0.0, 0.0)",3.0
line,4660.0,2520.0,4700.0,2480.0,"(0.0, 0.0, 0.0)",3.0
line,4740.0,2520.0,4700.0,2480.0,"(0.0, 0.0, 0.0)",3.0
line,4700.0,2480.0,4740.0,2440.0,"(0.0, 0.0, 0.0)",3.0
line,4740.0,2440.0,4780.0,2480.0,"(0.0, 0.0, 0.0)",3.0
line,4780.0,2480.0,4740.0,2520.0,"(0.0, 0.0, 0.0)",3.0
line,4822.0,2538.0,4820.0,2532.0,"(0.0, 0.0, 0.0)",3.0
line,4820.0,2532.0,4820.0,2538.0,"(0.0, 0.0, 0.0)",3.0
line,4820.0,2538.0,4822.0,2538.0,"(0.0, 0.0, 0.0)",3.0
line,4824.0,2540.0,4820.0,2520.0,"(0.0, 0.0, 0.0)",3.0
line,4820.0,2520.0,4816.0,2540.0,"(0.0, 0.0, 0.0)",3.0
line,4816.0,2540.0,4820.0,2524.0,"(0.0, 0.0, 0.0)",3.0
line,4820.0,2524.0,4824.0,2540.0,"(0.0, 0.0, 0.0)",3.0
line,4820.0,2550.0,4660.0,2550.0,"(0.0, 0.0, 0.0)",3.0
line,4820.0,2550.0,4820.0,2520.0,"(0.0, 0.0, 0.0)",3.0
line,4815.0,2540.0,4824.0,2540.0,"(0.0, 0.0, 0.0)",3.0
line,4820.0,2526.0,4818.0,2539.0,"(0.0, 0.0, 0.0)",3.0
line,4818.0,2539.0,4822.0,2539.0,"(0.0, 0.0, 0.0)",3.0
line,4822.0,2539.0,4820.0,2528.0,"(0.0, 0.0, 0.0)",3.0
line,4816.0,2539.0,4823.0,2539.0,"(0.0, 0.0, 0.0)",3.0
line,4880.0,2240.0,4900.0,2240.0,"(0.0, 0.0, 0.0)",3.0
line,4900.0,2240.0,4889.0,2236.0,"(0.0, 0.0, 0.0)",3.0
line,4889.0,2236.0,4889.0,2244.0,"(0.0, 0.0, 0.0)",3.0
line,4889.0,2244.0,4900.0,2240.0,"(0.0, 0.0, 0.0)",3.0
line,4980.0,2280.0,5000.0,2280.0,"(0.0, 0.0, 0.0)",3.0
line,4880.0,2320.0,4900.0,2320.0,"(0.0, 0.0, 0.0)",3.0
line,4900.0,2320.0,4889.0,2316.0,"(0.0, 0.0, 0.0)",3.0
line,4889.0,2316.0,4889.0,2324.0,"(0.0, 0.0, 0.0)",3.0
line,4889.0,2324.0,4900.0,2320.0,"(0.0, 0.0, 0.0)",3.0
line,4900.0,2220.0,4900.0,2340.0,"(0.0, 0.0, 0.0)",3.0
line,540.0,2760.0,560.0,2760.0,"(0.0, 0.0, 0.0)",3.0
line,560.0,2760.0,880.0,2760.0,"(0.0, 0.0, 0.0)",3.0
line,540.0,2760.0,500.0,2800.0,"(0.0, 0.0, 0.0)",3.0
line,500.0,2800.0,460.0,2760.0,"(0.0, 0.0, 0.0)",3.0
line,460.0,2760.0,500.0,2720.0,"(0.0, 0.0, 0.0)",3.0
line,500.0,2720.0,540.0,2760.0,"(0.0, 0.0, 0.0)",3.0
line,900.0,2720.0,920.0,2740.0,"(0.0, 0.0, 0.0)",3.0
line,920.0,2740.0,915.0,2729.0,"(0.0, 0.0, 0.0)",3.0
line,915.0,2729.0,909.0,2735.0,"(0.0, 0.0, 0.0)",3.0
line,909.0,2735.0,920.0,2740.0,"(0.0, 0.0, 0.0)",3.0
line,880.0,2760.0,900.0,2760.0,"(0.0, 0.0, 0.0)",3.0
line,900.0,2760.0,889.0,2756.0,"(0.0, 0.0, 0.0)",3.0
line,889.0,2756.0,889.0,2764.0,"(0.0, 0.0, 0.0)",3.0
line,889.0,2764.0,900.0,2760.0,"(0.0, 0.0, 0.0)",3.0
line,940.0,2700.0,940.0,2720.0,"(0.0, 0.0, 0.0)",3.0
line,940.0,2720.0,944.0,2709.0,"(0.0, 0.0, 0.0)",3.0
line,944.0,2709.0,936.0,2709.0,"(0.0, 0.0, 0.0)",3.0
line,936.0,2709.0,940.0,2720.0,"(0.0, 0.0, 0.0)",3.0
line,940.0,2800.0,940.0,2820.0,"(0.0, 0.0, 0.0)",3.0
line,940.0,2820.0,940.0,2940.0,"(0.0, 0.0, 0.0)",3.0
line,980.0,2760.0,940.0,2800.0,"(0.0, 0.0, 0.0)",3.0
line,940.0,2800.0,900.0,2760.0,"(0.0, 0.0, 0.0)",3.0
line,900.0,2760.0,940.0,2720.0,"(0.0, 0.0, 0.0)",3.0
line,940.0,2720.0,980.0,2760.0,"(0.0, 0.0, 0.0)",3.0
line,940.0,2940.0,940.0,2960.0,"(0.0, 0.0, 0.0)",3.0
line,940.0,2960.0,944.0,2949.0,"(0.0, 0.0, 0.0)",3.0
line,944.0,2949.0,936.0,2949.0,"(0.0, 0.0, 0.0)",3.0
line,936.0,2949.0,940.0,2960.0,"(0.0, 0.0, 0.0)",3.0
line,990.0,2960.0,890.0,2960.0,"(0.0, 0.0, 0.0)",3.0
line,890.0,2960.0,860.0,3010.0,"(0.0, 0.0, 0.0)",3.0
line,860.0,3010.0,1020.0,3010.0,"(0.0, 0.0, 0.0)",3.0
line,1020.0,3010.0,990.0,2960.0,"(0.0, 0.0, 0.0)",3.0
line,1580.0,2760.0,1600.0,2760.0,"(0.0, 0.0, 0.0)",3.0
line,1600.0,2760.0,1900.0,2760.0,"(0.0, 0.0, 0.0)",3.0
line,1580.0,2760.0,1540.0,2800.0,"(0.0, 0.0, 0.0)",3.0
line,1540.0,2800.0,1500.0,2760.0,"(0.0, 0.0, 0.0)",3.0
line,1500.0,2760.0,1540.0,2720.0,"(0.0, 0.0, 0.0)",3.0
line,1540.0,2720.0,1580.0,2760.0,"(0.0, 0.0, 0.0)",3.0
line,1920.0,2720.0,1940.0,2740.0,"(0.0, 0.0, 0.0)",3.0
line,1940.0,2740.0,1935.0,2729.0,"(0.0, 0.0, 0.0)",3.0
line,1935.0,2729.0,1929.0,2735.0,"(0.0, 0.0, 0.0)",3.0
line,1929.0,2735.0,1940.0,2740.0,"(0.0, 0.0, 0.0)",3.0
line,1900.0,2760.0,1920.0,2760.0,"(0.0, 0.0, 0.0)",3.0
line,1920.0,2760.0,1909.0,2756.0,"(0.0, 0.0, 0.0)",3.0
line,1909.0,2756.0,1909.0,2764.0,"(0.0, 0.0, 0.0)",3.0
line,1909.0,2764.0,1920.0,2760.0,"(0.0, 0.0, 0.0)",3.0
line,1960.0,2700.0,1960.0,2720.0,"(0.0, 0.0, 0.0)",3.0
line,1960.0,2720.0,1964.0,2709.0,"(0.0, 0.0, 0.0)",3.0
line,1964.0,2709.0,1956.0,2709.0,"(0.0, 0.0, 0.0)",3.0
line,1956.0,2709.0,1960.0,2720.0,"(0.0, 0.0, 0.0)",3.0
line,1960.0,2800.0,1960.0,2820.0,"(0.0, 0.0, 0.0)",3.0
line,1960.0,2820.0,1960.0,2940.0,"(0.0, 0.0, 0.0)",3.0
line,2000.0,2760.0,1960.0,2800.0,"(0.0, 0.0, 0.0)",3.0
line,1960.0,2800.0,1920.0,2760.0,"(0.0, 0.0, 0.0)",3.0
line,1920.0,2760.0,1960.0,2720.0,"(0.0, 0.0, 0.0)",3.0
line,1960.0,2720.0,2000.0,2760.0,"(0.0, 0.0, 0.0)",3.0
line,1960.0,2940.0,1960.0,2960.0,"(0.0, 0.0, 0.0)",3.0
line,1960.0,2960.0,1964.0,2949.0,"(0.0, 0.0, 0.0)",3.0
line,1964.0,2949.0,1956.0,2949.0,"(0.0, 0.0, 0.0)",3.0
line,1956.0,2949.0,1960.0,2960.0,"(0.0, 0.0, 0.0)",3.0
line,2010.0,2960.0,1910.0,2960.0,"(0.0, 0.0, 0.0)",3.0
line,1910.0,2960.0,1880.0,3010.0,"(0.0, 0.0, 0.0)",3.0
line,1880.0,3010.0,2040.0,3010.0,"(0.0, 0.0, 0.0)",3.0
line,2040.0,3010.0,2010.0,2960.0,"(0.0, 0.0, 0.0)",3.0
line,2600.0,2760.0,2620.0,2760.0,"(0.0, 0.0, 0.0)",3.0
line,2620.0,2760.0,3260.0,2760.0,"(0.0, 0.0, 0.0)",3.0
line,2600.0,2760.0,2560.0,2800.0,"(0.0, 0.0, 0.0)",3.0
line,2560.0,2800.0,2520.0,2760.0,"(0.0, 0.0, 0.0)",3.0
line,2520.0,2760.0,2560.0,2720.0,"(0.0, 0.0, 0.0)",3.0
line,2560.0,2720.0,2600.0,2760.0,"(0.0, 0.0, 0.0)",3.0
line,3280.0,2720.0,3300.0,2740.0,"(0.0, 0.0, 0.0)",3.0
line,3300.0,2740.0,3295.0,2729.0,"(0.0, 0.0, 0.0)",3.0
line,3295.0,2729.0,3289.0,2735.0,"(0.0, 0.0, 0.0)",3.0
line,3289.0,2735.0,3300.0,2740.0,"(0.0, 0.0, 0.0)",3.0
line,3260.0,2760.0,3280.0,2760.0,"(0.0, 0.0, 0.0)",3.0
line,3280.0,2760.0,3269.0,2756.0,"(0.0, 0.0, 0.0)",3.0
line,3269.0,2756.0,3269.0,2764.0,"(0.0, 0.0, 0.0)",3.0
line,3269.0,2764.0,3280.0,2760.0,"(0.0, 0.0, 0.0)",3.0
line,3320.0,2700.0,3320.0,2720.0,"(0.0, 0.0, 0.0)",3.0
line,3320.0,2720.0,3324.0,2709.0,"(0.0, 0.0, 0.0)",3.0
line,3324.0,2709.0,3316.0,2709.0,"(0.0, 0.0, 0.0)",3.0
line,3316.0,2709.0,3320.0,2720.0,"(0.0, 0.0, 0.0)",3.0
line,3320.0,2800.0,3320.0,2820.0,"(0.0, 0.0, 0.0)",3.0
line,3320.0,2820.0,3320.0,2940.0,"(0.0, 0.0, 0.0)",3.0
line,3360.0,2760.0,3320.0,2800.0,"(0.0, 0.0, 0.0)",3.0
line,3320.0,2800.0,3280.0,2760.0,"(0.0, 0.0, 0.0)",3.0
line,3280.0,2760.0,3320.0,2720.0,"(0.0, 0.0, 0.0)",3.0
line,3320.0,2720.0,3360.0,2760.0,"(0.0, 0.0, 0.0)",3.0
line,3320.0,2940.0,3320.0,2960.0,"(0.0, 0.0, 0.0)",3.0
line,3320.0,2960.0,3324.0,2949.0,"(0.0, 0.0, 0.0)",3.0
line,3324.0,2949.0,3316.0,2949.0,"(0.0, 0.0, 0.0)",3.0
line,3316.0,2949.0,3320.0,2960.0,"(0.0, 0.0, 0.0)",3.0
line,3370.0,2960.0,3270.0,2960.0,"(0.0, 0.0, 0.0)",3.0
line,3270.0,2960.0,3240.0,3010.0,"(0.0, 0.0, 0.0)",3.0
line,3240.0,3010.0,3400.0,3010.0,"(0.0, 0.0, 0.0)",3.0
line,3400.0,3010.0,3370.0,2960.0,"(0.0, 0.0, 0.0)",3.0
line,4300.0,2760.0,4320.0,2760.0,"(0.0, 0.0, 0.0)",3.0
line,4320.0,2760.0,4600.0,2760.0,"(0.0, 0.0, 0.0)",3.0
line,4300.0,2760.0,4260.0,2800.0,"(0.0, 0.0, 0.0)",3.0
line,4260.0,2800.0,4220.0,2760.0,"(0.0, 0.0, 0.0)",3.0
line,4220.0,2760.0,4260.0,2720.0,"(0.0, 0.0, 0.0)",3.0
line,4260.0,2720.0,4300.0,2760.0,"(0.0, 0.0, 0.0)",3.0
line,4620.0,2720.0,4640.0,2740.0,"(0.0, 0.0, 0.0)",3.0
line,4640.0,2740.0,4635.0,2729.0,"(0.0, 0.0, 0.0)",3.0
line,4635.0,2729.0,4629.0,2735.0,"(0.0, 0.0, 0.0)",3.0
line,4629.0,2735.0,4640.0,2740.0,"(0.0, 0.0, 0.0)",3.0
line,4600.0,2760.0,4620.0,2760.0,"(0.0, 0.0, 0.0)",3.0
line,4620.0,2760.0,4609.0,2756.0,"(0.0, 0.0, 0.0)",3.0
line,4609.0,2756.0,4609.0,2764.0,"(0.0, 0.0, 0.0)",3.0
line,4609.0,2764.0,4620.0,2760.0,"(0.0, 0.0, 0.0)",3.0
line,4660.0,2700.0,4660.0,2720.0,"(0.0, 0.0, 0.0)",3.0
line,4660.0,2720.0,4664.0,2709.0,"(0.0, 0.0, 0.0)",3.0
line,4664.0,2709.0,4656.0,2709.0,"(0.0, 0.0, 0.0)",3.0
line,4656.0,2709.0,4660.0,2720.0,"(0.0, 0.0, 0.0)",3.0
line,4660.0,2800.0,4660.0,2820.0,"(0.0, 0.0, 0.0)",3.0
line,4660.0,2820.0,4660.0,2940.0,"(0.0, 0.0, 0.0)",3.0
line,4700.0,2760.0,4660.0,2800.0,"(0.0, 0.0, 0.0)",3.0
line,4660.0,2800.0,4620.0,2760.0,"(0.0, 0.0, 0.0)",3.0
line,4620.0,2760.0,4660.0,2720.0,"(0.0, 0.0, 0.0)",3.0
line,4660.0,2720.0,4700.0,2760.0,"(0.0, 0.0, 0.0)",3.0
line,4660.0,2940.0,4660.0,2960.0,"(0.0, 0.0, 0.0)",3.0
line,4660.0,2960.0,4664.0,2949.0,"(0.0, 0.0, 0.0)",3.0
line,4664.0,2949.0,4656.0,2949.0,"(0.0, 0.0, 0.0)",3.0
line,4656.0,2949.0,4660.0,2960.0,"(0.0, 0.0, 0.0)",3.0
line,4710.0,2960.0,4610.0,2960.0,"(0.0, 0.0, 0.0)",3.0
line,4610.0,2960.0,4580.0,3010.0,"(0.0, 0.0, 0.0)",3.0
line,4580.0,3010.0,4740.0,3010.0,"(0.0, 0.0, 0.0)",3.0
line,4740.0,3010.0,4710.0,2960.0,"(0.0, 0.0, 0.0)",3.0
